-- ============================================================
-- 文瀛餐厅管理系统 — D10 演示数据
-- 描述: 56 道菜品 / 38 种食材 / 配方 / 库存 / 近 7 天约 200 单已完成订单
-- 适用: RuoYi-Vue ry-vue 数据库
-- 执行: Get-Content d10_demo_data.sql -Raw | mysql -uroot -proot ry-vue
-- ============================================================

USE `ry-vue`;

START TRANSACTION;

-- 清理历史业务数据并重置自增 ID（保留字典、菜单、角色、用户）
SET FOREIGN_KEY_CHECKS = 0;
TRUNCATE TABLE t_order_item;
TRUNCATE TABLE t_order;
TRUNCATE TABLE t_stock_in;
TRUNCATE TABLE t_inventory;
TRUNCATE TABLE t_dish_ingredient;
TRUNCATE TABLE t_ingredient;
TRUNCATE TABLE t_dish;
TRUNCATE TABLE t_category;
SET FOREIGN_KEY_CHECKS = 1;

-- ----------------------------
-- 菜品分类
-- ----------------------------
INSERT INTO t_category(name, sort) VALUES
('经典热菜', 1),
('山西特色', 2),
('荤菜小炒', 3),
('素菜时蔬', 4),
('汤羹', 5),
('主食面点', 6),
('凉菜', 7),
('饮品甜品', 8);

-- ----------------------------
-- 食材档案
-- ----------------------------
INSERT INTO t_ingredient(name, unit, safety_stock, status, create_by, create_time) VALUES
('猪五花肉', 'kg', 0.00, '0', 'admin', NOW()),
('猪肉丝', 'kg', 0.00, '0', 'admin', NOW()),
('猪里脊', 'kg', 0.00, '0', 'admin', NOW()),
('排骨', 'kg', 0.00, '0', 'admin', NOW()),
('鸡肉', 'kg', 0.00, '0', 'admin', NOW()),
('鸡丁', 'kg', 0.00, '0', 'admin', NOW()),
('鸡腿肉', 'kg', 0.00, '0', 'admin', NOW()),
('牛肉', 'kg', 0.00, '0', 'admin', NOW()),
('羊肉', 'kg', 0.00, '0', 'admin', NOW()),
('鸡蛋', '个', 0.00, '0', 'admin', NOW()),
('牛奶', 'L', 0.00, '0', 'admin', NOW()),
('西红柿', 'kg', 0.00, '0', 'admin', NOW()),
('土豆', 'kg', 0.00, '0', 'admin', NOW()),
('茄子', 'kg', 0.00, '0', 'admin', NOW()),
('青椒', 'kg', 0.00, '0', 'admin', NOW()),
('青菜', 'kg', 0.00, '0', 'admin', NOW()),
('白菜', 'kg', 0.00, '0', 'admin', NOW()),
('黄瓜', 'kg', 0.00, '0', 'admin', NOW()),
('冬瓜', 'kg', 0.00, '0', 'admin', NOW()),
('胡萝卜', 'kg', 0.00, '0', 'admin', NOW()),
('洋葱', 'kg', 0.00, '0', 'admin', NOW()),
('豆角', 'kg', 0.00, '0', 'admin', NOW()),
('花菜', 'kg', 0.00, '0', 'admin', NOW()),
('西兰花', 'kg', 0.00, '0', 'admin', NOW()),
('包菜', 'kg', 0.00, '0', 'admin', NOW()),
('酸菜', 'kg', 0.00, '0', 'admin', NOW()),
('木耳', 'kg', 0.00, '0', 'admin', NOW()),
('豆腐', 'kg', 0.00, '0', 'admin', NOW()),
('豆腐皮', 'kg', 0.00, '0', 'admin', NOW()),
('黄豆芽', 'kg', 0.00, '0', 'admin', NOW()),
('紫菜', 'g', 0.00, '0', 'admin', NOW()),
('大米', 'kg', 0.00, '0', 'admin', NOW()),
('面粉', 'kg', 0.00, '0', 'admin', NOW()),
('面条', 'kg', 0.00, '0', 'admin', NOW()),
('粉条', 'kg', 0.00, '0', 'admin', NOW()),
('玉米', 'kg', 0.00, '0', 'admin', NOW());

-- ----------------------------
-- 菜品
-- ----------------------------
INSERT INTO t_dish(name, category_id, price, status, create_by, create_time) VALUES
('红烧肉', 1, 15.00, '0', 'admin', NOW()),
('鱼香肉丝', 1, 12.00, '0', 'admin', NOW()),
('宫保鸡丁', 1, 13.00, '0', 'admin', NOW()),
('麻婆豆腐', 1, 10.00, '0', 'admin', NOW()),
('糖醋里脊', 1, 14.00, '0', 'admin', NOW()),
('地三鲜', 1, 9.00, '0', 'admin', NOW()),
('小鸡炖蘑菇', 1, 16.00, '0', 'admin', NOW()),
('溜肉段', 1, 15.00, '0', 'admin', NOW()),
('锅包肉', 1, 18.00, '0', 'admin', NOW()),
('酸菜白肉', 1, 14.00, '0', 'admin', NOW()),
('过油肉', 2, 16.00, '0', 'admin', NOW()),
('山西烩菜', 2, 13.00, '0', 'admin', NOW()),
('刀削面', 2, 12.00, '0', 'admin', NOW()),
('打卤面', 2, 11.00, '0', 'admin', NOW()),
('焖面', 2, 12.00, '0', 'admin', NOW()),
('煮馍', 2, 13.00, '0', 'admin', NOW()),
('油泼面', 2, 10.00, '0', 'admin', NOW()),
('猫耳朵', 2, 12.00, '0', 'admin', NOW()),
('京酱肉丝', 3, 14.00, '0', 'admin', NOW()),
('回锅肉', 3, 15.00, '0', 'admin', NOW()),
('木须肉', 3, 13.00, '0', 'admin', NOW()),
('土豆烧牛肉', 3, 17.00, '0', 'admin', NOW()),
('黄焖鸡', 3, 16.00, '0', 'admin', NOW()),
('辣子鸡丁', 3, 14.00, '0', 'admin', NOW()),
('尖椒炒肉', 3, 13.00, '0', 'admin', NOW()),
('孜然羊肉', 3, 18.00, '0', 'admin', NOW()),
('黑椒牛柳', 3, 19.00, '0', 'admin', NOW()),
('西红柿炒鸡蛋', 4, 8.00, '0', 'admin', NOW()),
('醋溜土豆丝', 4, 7.00, '0', 'admin', NOW()),
('手撕包菜', 4, 8.00, '0', 'admin', NOW()),
('蒜蓉西兰花', 4, 9.00, '0', 'admin', NOW()),
('干锅花菜', 4, 10.00, '0', 'admin', NOW()),
('清炒时蔬', 4, 6.00, '0', 'admin', NOW()),
('干煸豆角', 4, 10.00, '0', 'admin', NOW()),
('家常豆腐', 4, 9.00, '0', 'admin', NOW()),
('紫菜蛋花汤', 5, 3.00, '0', 'admin', NOW()),
('冬瓜排骨汤', 5, 6.00, '0', 'admin', NOW()),
('西红柿鸡蛋汤', 5, 3.00, '0', 'admin', NOW()),
('酸辣汤', 5, 4.00, '0', 'admin', NOW()),
('玉米排骨汤', 5, 7.00, '0', 'admin', NOW()),
('米饭', 6, 1.50, '0', 'admin', NOW()),
('馒头', 6, 1.00, '0', 'admin', NOW()),
('花卷', 6, 1.50, '0', 'admin', NOW()),
('蛋炒饭', 6, 8.00, '0', 'admin', NOW()),
('炒饼丝', 6, 8.00, '0', 'admin', NOW()),
('水饺', 6, 12.00, '0', 'admin', NOW()),
('肉包子', 6, 2.50, '0', 'admin', NOW()),
('油条', 6, 1.50, '0', 'admin', NOW()),
('凉拌黄瓜', 7, 5.00, '0', 'admin', NOW()),
('凉拌木耳', 7, 6.00, '0', 'admin', NOW()),
('拍黄瓜', 7, 5.00, '0', 'admin', NOW()),
('凉拌豆腐丝', 7, 6.00, '0', 'admin', NOW()),
('豆浆', 8, 2.00, '0', 'admin', NOW()),
('牛奶', 8, 3.00, '0', 'admin', NOW()),
('小米粥', 8, 2.00, '0', 'admin', NOW()),
('豆腐脑', 8, 3.00, '0', 'admin', NOW());

-- ----------------------------
-- 菜品配方
-- ----------------------------
INSERT INTO t_dish_ingredient(dish_id, ingredient_id, quantity, create_by, create_time) VALUES
(1, 1, 0.180, 'admin', NOW()),
(2, 2, 0.100, 'admin', NOW()),
(2, 20, 0.050, 'admin', NOW()),
(2, 27, 0.020, 'admin', NOW()),
(3, 6, 0.120, 'admin', NOW()),
(3, 18, 0.040, 'admin', NOW()),
(3, 20, 0.040, 'admin', NOW()),
(4, 28, 0.200, 'admin', NOW()),
(4, 2, 0.030, 'admin', NOW()),
(5, 3, 0.150, 'admin', NOW()),
(6, 13, 0.100, 'admin', NOW()),
(6, 14, 0.080, 'admin', NOW()),
(6, 15, 0.040, 'admin', NOW()),
(7, 5, 0.200, 'admin', NOW()),
(7, 35, 0.050, 'admin', NOW()),
(8, 3, 0.150, 'admin', NOW()),
(8, 15, 0.050, 'admin', NOW()),
(9, 3, 0.180, 'admin', NOW()),
(10, 1, 0.120, 'admin', NOW()),
(10, 26, 0.150, 'admin', NOW()),
(11, 2, 0.130, 'admin', NOW()),
(11, 27, 0.020, 'admin', NOW()),
(11, 18, 0.030, 'admin', NOW()),
(12, 17, 0.100, 'admin', NOW()),
(12, 28, 0.080, 'admin', NOW()),
(12, 35, 0.040, 'admin', NOW()),
(12, 2, 0.050, 'admin', NOW()),
(13, 34, 0.250, 'admin', NOW()),
(13, 12, 0.080, 'admin', NOW()),
(13, 10, 0.500, 'admin', NOW()),
(14, 34, 0.250, 'admin', NOW()),
(14, 2, 0.060, 'admin', NOW()),
(14, 27, 0.020, 'admin', NOW()),
(15, 34, 0.250, 'admin', NOW()),
(15, 22, 0.080, 'admin', NOW()),
(15, 2, 0.050, 'admin', NOW()),
(16, 33, 0.150, 'admin', NOW()),
(16, 2, 0.060, 'admin', NOW()),
(16, 27, 0.020, 'admin', NOW()),
(17, 34, 0.250, 'admin', NOW()),
(17, 16, 0.050, 'admin', NOW()),
(18, 33, 0.200, 'admin', NOW()),
(18, 12, 0.060, 'admin', NOW()),
(18, 10, 0.500, 'admin', NOW()),
(19, 2, 0.150, 'admin', NOW()),
(19, 29, 0.050, 'admin', NOW()),
(20, 1, 0.130, 'admin', NOW()),
(20, 15, 0.050, 'admin', NOW()),
(21, 2, 0.080, 'admin', NOW()),
(21, 10, 0.700, 'admin', NOW()),
(21, 18, 0.040, 'admin', NOW()),
(21, 27, 0.020, 'admin', NOW()),
(22, 8, 0.150, 'admin', NOW()),
(22, 13, 0.120, 'admin', NOW()),
(23, 7, 0.200, 'admin', NOW()),
(23, 13, 0.080, 'admin', NOW()),
(23, 15, 0.040, 'admin', NOW()),
(24, 6, 0.180, 'admin', NOW()),
(24, 15, 0.040, 'admin', NOW()),
(25, 2, 0.120, 'admin', NOW()),
(25, 15, 0.080, 'admin', NOW()),
(26, 9, 0.180, 'admin', NOW()),
(26, 21, 0.050, 'admin', NOW()),
(27, 8, 0.150, 'admin', NOW()),
(27, 15, 0.050, 'admin', NOW()),
(27, 21, 0.030, 'admin', NOW()),
(28, 12, 0.150, 'admin', NOW()),
(28, 10, 1.200, 'admin', NOW()),
(29, 13, 0.200, 'admin', NOW()),
(30, 25, 0.200, 'admin', NOW()),
(31, 24, 0.180, 'admin', NOW()),
(32, 23, 0.180, 'admin', NOW()),
(32, 2, 0.040, 'admin', NOW()),
(33, 16, 0.200, 'admin', NOW()),
(34, 22, 0.200, 'admin', NOW()),
(35, 28, 0.220, 'admin', NOW()),
(35, 15, 0.030, 'admin', NOW()),
(36, 31, 5.000, 'admin', NOW()),
(36, 10, 0.500, 'admin', NOW()),
(37, 4, 0.120, 'admin', NOW()),
(37, 19, 0.100, 'admin', NOW()),
(38, 12, 0.100, 'admin', NOW()),
(38, 10, 0.500, 'admin', NOW()),
(39, 28, 0.080, 'admin', NOW()),
(39, 27, 0.020, 'admin', NOW()),
(39, 10, 0.300, 'admin', NOW()),
(40, 4, 0.120, 'admin', NOW()),
(40, 36, 0.080, 'admin', NOW()),
(41, 32, 0.150, 'admin', NOW()),
(42, 33, 0.120, 'admin', NOW()),
(43, 33, 0.130, 'admin', NOW()),
(44, 32, 0.150, 'admin', NOW()),
(44, 10, 0.800, 'admin', NOW()),
(45, 33, 0.150, 'admin', NOW()),
(45, 17, 0.050, 'admin', NOW()),
(46, 33, 0.100, 'admin', NOW()),
(46, 2, 0.080, 'admin', NOW()),
(46, 17, 0.060, 'admin', NOW()),
(47, 33, 0.080, 'admin', NOW()),
(47, 2, 0.050, 'admin', NOW()),
(48, 33, 0.080, 'admin', NOW()),
(49, 18, 0.200, 'admin', NOW()),
(50, 27, 0.050, 'admin', NOW()),
(50, 18, 0.050, 'admin', NOW()),
(51, 18, 0.220, 'admin', NOW()),
(52, 29, 0.150, 'admin', NOW()),
(53, 30, 0.100, 'admin', NOW()),
(54, 11, 0.250, 'admin', NOW()),
(55, 32, 0.080, 'admin', NOW()),
(56, 28, 0.250, 'admin', NOW());

-- ----------------------------
-- 库存初始化（按日耗 * 3 备货，安全库存 = 日耗 * 0.5）
-- 假设文瀛餐厅午餐到店约 1000 人，56 道菜，热门菜日销 10~200 份
-- ----------------------------
INSERT INTO t_inventory(ingredient_id, stock, del_flag, create_by, create_time) VALUES
(1, 33.66, '0', 'admin', NOW()),
(2, 100.29, '0', 'admin', NOW()),
(3, 33.30, '0', 'admin', NOW()),
(4, 16.92, '0', 'admin', NOW()),
(5, 10.80, '0', 'admin', NOW()),
(6, 29.88, '0', 'admin', NOW()),
(7, 19.20, '0', 'admin', NOW()),
(8, 15.30, '0', 'admin', NOW()),
(9, 8.64, '0', 'admin', NOW()),
(10, 627.60, '0', 'admin', NOW()),
(11, 45.00, '0', 'admin', NOW()),
(12, 49.14, '0', 'admin', NOW()),
(13, 49.38, '0', 'admin', NOW()),
(14, 6.00, '0', 'admin', NOW()),
(15, 30.48, '0', 'admin', NOW()),
(16, 30.30, '0', 'admin', NOW()),
(17, 19.50, '0', 'admin', NOW()),
(18, 50.40, '0', 'admin', NOW()),
(19, 7.50, '0', 'admin', NOW()),
(20, 10.56, '0', 'admin', NOW()),
(21, 3.66, '0', 'admin', NOW()),
(22, 24.00, '0', 'admin', NOW()),
(23, 15.12, '0', 'admin', NOW()),
(24, 16.20, '0', 'admin', NOW()),
(25, 21.60, '0', 'admin', NOW()),
(26, 6.75, '0', 'admin', NOW()),
(27, 14.46, '0', 'admin', NOW()),
(28, 94.53, '0', 'admin', NOW()),
(29, 14.70, '0', 'admin', NOW()),
(30, 30.00, '0', 'admin', NOW()),
(31, 750.00, '0', 'admin', NOW()),
(32, 131.55, '0', 'admin', NOW()),
(33, 155.70, '0', 'admin', NOW()),
(34, 120.00, '0', 'admin', NOW()),
(35, 5.58, '0', 'admin', NOW()),
(36, 5.28, '0', 'admin', NOW());

-- 初始入库记录（与库存量对应，方便演示入库→库存链路）
INSERT INTO t_stock_in(ingredient_id, quantity, unit_price, in_time, del_flag, create_by, create_time, remark) VALUES
(1, 33.66, 17.07, NOW() - INTERVAL 1 DAY, '0', 'admin', NOW(), 'D10 初始备货入库'),
(2, 100.29, 3.55, NOW() - INTERVAL 1 DAY, '0', 'admin', NOW(), 'D10 初始备货入库'),
(3, 33.30, 9.05, NOW() - INTERVAL 1 DAY, '0', 'admin', NOW(), 'D10 初始备货入库'),
(4, 16.92, 7.91, NOW() - INTERVAL 1 DAY, '0', 'admin', NOW(), 'D10 初始备货入库'),
(5, 10.80, 19.20, NOW() - INTERVAL 1 DAY, '0', 'admin', NOW(), 'D10 初始备货入库'),
(6, 29.88, 17.89, NOW() - INTERVAL 1 DAY, '0', 'admin', NOW(), 'D10 初始备货入库'),
(7, 19.20, 22.63, NOW() - INTERVAL 1 DAY, '0', 'admin', NOW(), 'D10 初始备货入库'),
(8, 15.30, 4.91, NOW() - INTERVAL 1 DAY, '0', 'admin', NOW(), 'D10 初始备货入库'),
(9, 8.64, 12.28, NOW() - INTERVAL 1 DAY, '0', 'admin', NOW(), 'D10 初始备货入库'),
(10, 627.60, 3.66, NOW() - INTERVAL 1 DAY, '0', 'admin', NOW(), 'D10 初始备货入库'),
(11, 45.00, 7.81, NOW() - INTERVAL 1 DAY, '0', 'admin', NOW(), 'D10 初始备货入库'),
(12, 49.14, 14.12, NOW() - INTERVAL 1 DAY, '0', 'admin', NOW(), 'D10 初始备货入库'),
(13, 49.38, 3.58, NOW() - INTERVAL 1 DAY, '0', 'admin', NOW(), 'D10 初始备货入库'),
(14, 6.00, 7.37, NOW() - INTERVAL 1 DAY, '0', 'admin', NOW(), 'D10 初始备货入库'),
(15, 30.48, 17.30, NOW() - INTERVAL 1 DAY, '0', 'admin', NOW(), 'D10 初始备货入库'),
(16, 30.30, 14.99, NOW() - INTERVAL 1 DAY, '0', 'admin', NOW(), 'D10 初始备货入库'),
(17, 19.50, 7.85, NOW() - INTERVAL 1 DAY, '0', 'admin', NOW(), 'D10 初始备货入库'),
(18, 50.40, 15.96, NOW() - INTERVAL 1 DAY, '0', 'admin', NOW(), 'D10 初始备货入库'),
(19, 7.50, 20.81, NOW() - INTERVAL 1 DAY, '0', 'admin', NOW(), 'D10 初始备货入库'),
(20, 10.56, 3.14, NOW() - INTERVAL 1 DAY, '0', 'admin', NOW(), 'D10 初始备货入库'),
(21, 3.66, 20.73, NOW() - INTERVAL 1 DAY, '0', 'admin', NOW(), 'D10 初始备货入库'),
(22, 24.00, 18.36, NOW() - INTERVAL 1 DAY, '0', 'admin', NOW(), 'D10 初始备货入库'),
(23, 15.12, 10.49, NOW() - INTERVAL 1 DAY, '0', 'admin', NOW(), 'D10 初始备货入库'),
(24, 16.20, 6.42, NOW() - INTERVAL 1 DAY, '0', 'admin', NOW(), 'D10 初始备货入库'),
(25, 21.60, 24.06, NOW() - INTERVAL 1 DAY, '0', 'admin', NOW(), 'D10 初始备货入库'),
(26, 6.75, 10.41, NOW() - INTERVAL 1 DAY, '0', 'admin', NOW(), 'D10 初始备货入库'),
(27, 14.46, 5.04, NOW() - INTERVAL 1 DAY, '0', 'admin', NOW(), 'D10 初始备货入库'),
(28, 94.53, 5.13, NOW() - INTERVAL 1 DAY, '0', 'admin', NOW(), 'D10 初始备货入库'),
(29, 14.70, 21.64, NOW() - INTERVAL 1 DAY, '0', 'admin', NOW(), 'D10 初始备货入库'),
(30, 30.00, 16.28, NOW() - INTERVAL 1 DAY, '0', 'admin', NOW(), 'D10 初始备货入库'),
(31, 750.00, 20.76, NOW() - INTERVAL 1 DAY, '0', 'admin', NOW(), 'D10 初始备货入库'),
(32, 131.55, 19.05, NOW() - INTERVAL 1 DAY, '0', 'admin', NOW(), 'D10 初始备货入库'),
(33, 155.70, 14.80, NOW() - INTERVAL 1 DAY, '0', 'admin', NOW(), 'D10 初始备货入库'),
(34, 120.00, 24.41, NOW() - INTERVAL 1 DAY, '0', 'admin', NOW(), 'D10 初始备货入库'),
(35, 5.58, 11.33, NOW() - INTERVAL 1 DAY, '0', 'admin', NOW(), 'D10 初始备货入库'),
(36, 5.28, 15.14, NOW() - INTERVAL 1 DAY, '0', 'admin', NOW(), 'D10 初始备货入库');

-- 更新安全库存
UPDATE t_ingredient SET safety_stock = 5.61 WHERE ingredient_id = 1;
UPDATE t_ingredient SET safety_stock = 16.71 WHERE ingredient_id = 2;
UPDATE t_ingredient SET safety_stock = 1.76 WHERE ingredient_id = 20;
UPDATE t_ingredient SET safety_stock = 2.41 WHERE ingredient_id = 27;
UPDATE t_ingredient SET safety_stock = 4.98 WHERE ingredient_id = 6;
UPDATE t_ingredient SET safety_stock = 8.40 WHERE ingredient_id = 18;
UPDATE t_ingredient SET safety_stock = 15.75 WHERE ingredient_id = 28;
UPDATE t_ingredient SET safety_stock = 5.55 WHERE ingredient_id = 3;
UPDATE t_ingredient SET safety_stock = 8.23 WHERE ingredient_id = 13;
UPDATE t_ingredient SET safety_stock = 1.00 WHERE ingredient_id = 14;
UPDATE t_ingredient SET safety_stock = 5.08 WHERE ingredient_id = 15;
UPDATE t_ingredient SET safety_stock = 1.80 WHERE ingredient_id = 5;
UPDATE t_ingredient SET safety_stock = 0.93 WHERE ingredient_id = 35;
UPDATE t_ingredient SET safety_stock = 1.12 WHERE ingredient_id = 26;
UPDATE t_ingredient SET safety_stock = 3.25 WHERE ingredient_id = 17;
UPDATE t_ingredient SET safety_stock = 20.00 WHERE ingredient_id = 34;
UPDATE t_ingredient SET safety_stock = 8.19 WHERE ingredient_id = 12;
UPDATE t_ingredient SET safety_stock = 104.60 WHERE ingredient_id = 10;
UPDATE t_ingredient SET safety_stock = 4.00 WHERE ingredient_id = 22;
UPDATE t_ingredient SET safety_stock = 25.95 WHERE ingredient_id = 33;
UPDATE t_ingredient SET safety_stock = 5.05 WHERE ingredient_id = 16;
UPDATE t_ingredient SET safety_stock = 2.45 WHERE ingredient_id = 29;
UPDATE t_ingredient SET safety_stock = 2.55 WHERE ingredient_id = 8;
UPDATE t_ingredient SET safety_stock = 3.20 WHERE ingredient_id = 7;
UPDATE t_ingredient SET safety_stock = 1.44 WHERE ingredient_id = 9;
UPDATE t_ingredient SET safety_stock = 0.61 WHERE ingredient_id = 21;
UPDATE t_ingredient SET safety_stock = 3.60 WHERE ingredient_id = 25;
UPDATE t_ingredient SET safety_stock = 2.70 WHERE ingredient_id = 24;
UPDATE t_ingredient SET safety_stock = 2.52 WHERE ingredient_id = 23;
UPDATE t_ingredient SET safety_stock = 125.00 WHERE ingredient_id = 31;
UPDATE t_ingredient SET safety_stock = 2.82 WHERE ingredient_id = 4;
UPDATE t_ingredient SET safety_stock = 1.25 WHERE ingredient_id = 19;
UPDATE t_ingredient SET safety_stock = 0.88 WHERE ingredient_id = 36;
UPDATE t_ingredient SET safety_stock = 21.93 WHERE ingredient_id = 32;
UPDATE t_ingredient SET safety_stock = 5.00 WHERE ingredient_id = 30;
UPDATE t_ingredient SET safety_stock = 7.50 WHERE ingredient_id = 11;

-- ----------------------------
-- 近 7 天已完成订单（约 200 单，覆盖 56 道菜品）
-- ----------------------------
INSERT INTO t_order(order_id, order_no, total_amount, status, order_time, complete_time, del_flag, create_by, create_time) VALUES
(1, '20260614125655001', 52.00, 2, '2026-06-14 12:56:55', '2026-06-14 13:10:55', '0', 'admin', '2026-06-14 12:56:55'),
(2, '20260614105414002', 32.00, 2, '2026-06-14 10:54:14', '2026-06-14 11:00:14', '0', 'admin', '2026-06-14 10:54:14'),
(3, '20260614112213003', 23.00, 2, '2026-06-14 11:22:13', '2026-06-14 11:33:13', '0', 'admin', '2026-06-14 11:22:13'),
(4, '20260614112417004', 16.00, 2, '2026-06-14 11:24:17', '2026-06-14 11:44:17', '0', 'admin', '2026-06-14 11:24:17'),
(5, '20260614101452005', 30.00, 2, '2026-06-14 10:14:52', '2026-06-14 10:18:52', '0', 'admin', '2026-06-14 10:14:52'),
(6, '20260614125645006', 2.00, 2, '2026-06-14 12:56:45', '2026-06-14 13:09:45', '0', 'admin', '2026-06-14 12:56:45'),
(7, '20260614115658007', 10.00, 2, '2026-06-14 11:56:58', '2026-06-14 12:13:58', '0', 'admin', '2026-06-14 11:56:58'),
(8, '20260614104735008', 9.00, 2, '2026-06-14 10:47:35', '2026-06-14 11:07:35', '0', 'admin', '2026-06-14 10:47:35'),
(9, '20260614111408009', 14.00, 2, '2026-06-14 11:14:08', '2026-06-14 11:33:08', '0', 'admin', '2026-06-14 11:14:08'),
(10, '20260614104010010', 58.00, 2, '2026-06-14 10:40:10', '2026-06-14 10:56:10', '0', 'admin', '2026-06-14 10:40:10'),
(11, '20260614124607011', 13.00, 2, '2026-06-14 12:46:07', '2026-06-14 13:06:07', '0', 'admin', '2026-06-14 12:46:07'),
(12, '20260614112710012', 5.00, 2, '2026-06-14 11:27:10', '2026-06-14 11:44:10', '0', 'admin', '2026-06-14 11:27:10'),
(13, '20260614124811013', 6.00, 2, '2026-06-14 12:48:11', '2026-06-14 13:07:11', '0', 'admin', '2026-06-14 12:48:11'),
(14, '20260614123238014', 14.00, 2, '2026-06-14 12:32:38', '2026-06-14 12:41:38', '0', 'admin', '2026-06-14 12:32:38'),
(15, '20260614124959015', 8.00, 2, '2026-06-14 12:49:59', '2026-06-14 13:08:59', '0', 'admin', '2026-06-14 12:49:59'),
(16, '20260614110107016', 23.00, 2, '2026-06-14 11:01:07', '2026-06-14 11:15:07', '0', 'admin', '2026-06-14 11:01:07'),
(17, '20260614104631017', 33.00, 2, '2026-06-14 10:46:31', '2026-06-14 10:51:31', '0', 'admin', '2026-06-14 10:46:31'),
(18, '20260614125538018', 9.00, 2, '2026-06-14 12:55:38', '2026-06-14 13:11:38', '0', 'admin', '2026-06-14 12:55:38'),
(19, '20260614121925019', 17.00, 2, '2026-06-14 12:19:25', '2026-06-14 12:33:25', '0', 'admin', '2026-06-14 12:19:25'),
(20, '20260614100421020', 18.00, 2, '2026-06-14 10:04:21', '2026-06-14 10:07:21', '0', 'admin', '2026-06-14 10:04:21'),
(21, '20260614124003021', 26.00, 2, '2026-06-14 12:40:03', '2026-06-14 12:50:03', '0', 'admin', '2026-06-14 12:40:03'),
(22, '20260614103215022', 41.00, 2, '2026-06-14 10:32:15', '2026-06-14 10:43:15', '0', 'admin', '2026-06-14 10:32:15'),
(23, '20260614115126023', 32.00, 2, '2026-06-14 11:51:26', '2026-06-14 12:00:26', '0', 'admin', '2026-06-14 11:51:26'),
(24, '20260614112726024', 20.00, 2, '2026-06-14 11:27:26', '2026-06-14 11:44:26', '0', 'admin', '2026-06-14 11:27:26'),
(25, '20260614122151025', 12.00, 2, '2026-06-14 12:21:51', '2026-06-14 12:27:51', '0', 'admin', '2026-06-14 12:21:51'),
(26, '20260614122808026', 24.00, 2, '2026-06-14 12:28:08', '2026-06-14 12:44:08', '0', 'admin', '2026-06-14 12:28:08'),
(27, '20260614105559027', 9.00, 2, '2026-06-14 10:55:59', '2026-06-14 11:00:59', '0', 'admin', '2026-06-14 10:55:59'),
(28, '20260614123453028', 5.00, 2, '2026-06-14 12:34:53', '2026-06-14 12:37:53', '0', 'admin', '2026-06-14 12:34:53'),
(29, '20260614102631029', 6.00, 2, '2026-06-14 10:26:31', '2026-06-14 10:44:31', '0', 'admin', '2026-06-14 10:26:31'),
(30, '20260614101024030', 30.00, 2, '2026-06-14 10:10:24', '2026-06-14 10:13:24', '0', 'admin', '2026-06-14 10:10:24'),
(31, '20260614114446031', 46.00, 2, '2026-06-14 11:44:46', '2026-06-14 12:04:46', '0', 'admin', '2026-06-14 11:44:46'),
(32, '20260614103747032', 3.00, 2, '2026-06-14 10:37:47', '2026-06-14 10:57:47', '0', 'admin', '2026-06-14 10:37:47'),
(33, '20260614100337033', 28.00, 2, '2026-06-14 10:03:37', '2026-06-14 10:21:37', '0', 'admin', '2026-06-14 10:03:37'),
(34, '20260614103804034', 21.00, 2, '2026-06-14 10:38:04', '2026-06-14 10:48:04', '0', 'admin', '2026-06-14 10:38:04'),
(35, '20260614120526035', 31.00, 2, '2026-06-14 12:05:26', '2026-06-14 12:24:26', '0', 'admin', '2026-06-14 12:05:26'),
(36, '20260615110842001', 18.00, 2, '2026-06-15 11:08:42', '2026-06-15 11:20:42', '0', 'admin', '2026-06-15 11:08:42'),
(37, '20260615113936002', 9.00, 2, '2026-06-15 11:39:36', '2026-06-15 11:45:36', '0', 'admin', '2026-06-15 11:39:36'),
(38, '20260615121608003', 26.00, 2, '2026-06-15 12:16:08', '2026-06-15 12:30:08', '0', 'admin', '2026-06-15 12:16:08'),
(39, '20260615111028004', 35.00, 2, '2026-06-15 11:10:28', '2026-06-15 11:30:28', '0', 'admin', '2026-06-15 11:10:28'),
(40, '20260615101607005', 44.00, 2, '2026-06-15 10:16:07', '2026-06-15 10:22:07', '0', 'admin', '2026-06-15 10:16:07'),
(41, '20260615104340006', 24.00, 2, '2026-06-15 10:43:40', '2026-06-15 10:54:40', '0', 'admin', '2026-06-15 10:43:40'),
(42, '20260615110200007', 3.00, 2, '2026-06-15 11:02:00', '2026-06-15 11:15:00', '0', 'admin', '2026-06-15 11:02:00'),
(43, '20260615104728008', 26.00, 2, '2026-06-15 10:47:28', '2026-06-15 11:07:28', '0', 'admin', '2026-06-15 10:47:28'),
(44, '20260615120253009', 33.00, 2, '2026-06-15 12:02:53', '2026-06-15 12:16:53', '0', 'admin', '2026-06-15 12:02:53'),
(45, '20260615115759010', 19.00, 2, '2026-06-15 11:57:59', '2026-06-15 12:01:59', '0', 'admin', '2026-06-15 11:57:59'),
(46, '20260615114935011', 41.50, 2, '2026-06-15 11:49:35', '2026-06-15 12:05:35', '0', 'admin', '2026-06-15 11:49:35'),
(47, '20260615101147012', 9.00, 2, '2026-06-15 10:11:47', '2026-06-15 10:24:47', '0', 'admin', '2026-06-15 10:11:47'),
(48, '20260615105044013', 19.00, 2, '2026-06-15 10:50:44', '2026-06-15 10:56:44', '0', 'admin', '2026-06-15 10:50:44'),
(49, '20260615105258014', 17.00, 2, '2026-06-15 10:52:58', '2026-06-15 11:09:58', '0', 'admin', '2026-06-15 10:52:58'),
(50, '20260615104212015', 18.00, 2, '2026-06-15 10:42:12', '2026-06-15 10:57:12', '0', 'admin', '2026-06-15 10:42:12'),
(51, '20260615114132016', 46.00, 2, '2026-06-15 11:41:32', '2026-06-15 11:56:32', '0', 'admin', '2026-06-15 11:41:32'),
(52, '20260615103716017', 8.00, 2, '2026-06-15 10:37:16', '2026-06-15 10:41:16', '0', 'admin', '2026-06-15 10:37:16'),
(53, '20260615114650018', 16.00, 2, '2026-06-15 11:46:50', '2026-06-15 11:59:50', '0', 'admin', '2026-06-15 11:46:50'),
(54, '20260615121216019', 58.00, 2, '2026-06-15 12:12:16', '2026-06-15 12:16:16', '0', 'admin', '2026-06-15 12:12:16'),
(55, '20260615104258020', 20.00, 2, '2026-06-15 10:42:58', '2026-06-15 10:55:58', '0', 'admin', '2026-06-15 10:42:58'),
(56, '20260615122620021', 56.00, 2, '2026-06-15 12:26:20', '2026-06-15 12:41:20', '0', 'admin', '2026-06-15 12:26:20'),
(57, '20260615124757022', 72.00, 2, '2026-06-15 12:47:57', '2026-06-15 12:55:57', '0', 'admin', '2026-06-15 12:47:57'),
(58, '20260615102750023', 23.00, 2, '2026-06-15 10:27:50', '2026-06-15 10:40:50', '0', 'admin', '2026-06-15 10:27:50'),
(59, '20260615121042024', 13.50, 2, '2026-06-15 12:10:42', '2026-06-15 12:15:42', '0', 'admin', '2026-06-15 12:10:42'),
(60, '20260615104319025', 14.00, 2, '2026-06-15 10:43:19', '2026-06-15 10:53:19', '0', 'admin', '2026-06-15 10:43:19'),
(61, '20260615101530026', 22.00, 2, '2026-06-15 10:15:30', '2026-06-15 10:20:30', '0', 'admin', '2026-06-15 10:15:30'),
(62, '20260615112515027', 43.00, 2, '2026-06-15 11:25:15', '2026-06-15 11:32:15', '0', 'admin', '2026-06-15 11:25:15'),
(63, '20260615105144028', 13.00, 2, '2026-06-15 10:51:44', '2026-06-15 11:10:44', '0', 'admin', '2026-06-15 10:51:44'),
(64, '20260615110851029', 34.00, 2, '2026-06-15 11:08:51', '2026-06-15 11:25:51', '0', 'admin', '2026-06-15 11:08:51'),
(65, '20260616115710001', 20.00, 2, '2026-06-16 11:57:10', '2026-06-16 12:15:10', '0', 'admin', '2026-06-16 11:57:10'),
(66, '20260616123140002', 28.00, 2, '2026-06-16 12:31:40', '2026-06-16 12:41:40', '0', 'admin', '2026-06-16 12:31:40'),
(67, '20260616112120003', 18.00, 2, '2026-06-16 11:21:20', '2026-06-16 11:41:20', '0', 'admin', '2026-06-16 11:21:20'),
(68, '20260616102444004', 88.00, 2, '2026-06-16 10:24:44', '2026-06-16 10:31:44', '0', 'admin', '2026-06-16 10:24:44'),
(69, '20260616110313005', 12.00, 2, '2026-06-16 11:03:13', '2026-06-16 11:19:13', '0', 'admin', '2026-06-16 11:03:13'),
(70, '20260616110022006', 7.00, 2, '2026-06-16 11:00:22', '2026-06-16 11:12:22', '0', 'admin', '2026-06-16 11:00:22'),
(71, '20260616111417007', 50.00, 2, '2026-06-16 11:14:17', '2026-06-16 11:30:17', '0', 'admin', '2026-06-16 11:14:17'),
(72, '20260616121053008', 7.00, 2, '2026-06-16 12:10:53', '2026-06-16 12:27:53', '0', 'admin', '2026-06-16 12:10:53'),
(73, '20260616113736009', 2.00, 2, '2026-06-16 11:37:36', '2026-06-16 11:40:36', '0', 'admin', '2026-06-16 11:37:36'),
(74, '20260616105529010', 20.00, 2, '2026-06-16 10:55:29', '2026-06-16 11:03:29', '0', 'admin', '2026-06-16 10:55:29'),
(75, '20260616111329011', 36.00, 2, '2026-06-16 11:13:29', '2026-06-16 11:26:29', '0', 'admin', '2026-06-16 11:13:29'),
(76, '20260616115305012', 1.50, 2, '2026-06-16 11:53:05', '2026-06-16 12:11:05', '0', 'admin', '2026-06-16 11:53:05'),
(77, '20260616111441013', 30.00, 2, '2026-06-16 11:14:41', '2026-06-16 11:19:41', '0', 'admin', '2026-06-16 11:14:41'),
(78, '20260616120915014', 31.50, 2, '2026-06-16 12:09:15', '2026-06-16 12:16:15', '0', 'admin', '2026-06-16 12:09:15'),
(79, '20260616121649015', 4.00, 2, '2026-06-16 12:16:49', '2026-06-16 12:30:49', '0', 'admin', '2026-06-16 12:16:49'),
(80, '20260616101906016', 28.00, 2, '2026-06-16 10:19:06', '2026-06-16 10:22:06', '0', 'admin', '2026-06-16 10:19:06'),
(81, '20260616121204017', 16.00, 2, '2026-06-16 12:12:04', '2026-06-16 12:22:04', '0', 'admin', '2026-06-16 12:12:04'),
(82, '20260616123851018', 52.00, 2, '2026-06-16 12:38:51', '2026-06-16 12:44:51', '0', 'admin', '2026-06-16 12:38:51'),
(83, '20260616124121019', 22.00, 2, '2026-06-16 12:41:21', '2026-06-16 12:44:21', '0', 'admin', '2026-06-16 12:41:21'),
(84, '20260616114057020', 70.00, 2, '2026-06-16 11:40:57', '2026-06-16 11:57:57', '0', 'admin', '2026-06-16 11:40:57'),
(85, '20260616115246021', 28.00, 2, '2026-06-16 11:52:46', '2026-06-16 12:03:46', '0', 'admin', '2026-06-16 11:52:46'),
(86, '20260616111548022', 41.50, 2, '2026-06-16 11:15:48', '2026-06-16 11:32:48', '0', 'admin', '2026-06-16 11:15:48'),
(87, '20260616111131023', 32.00, 2, '2026-06-16 11:11:31', '2026-06-16 11:20:31', '0', 'admin', '2026-06-16 11:11:31'),
(88, '20260616124456024', 49.00, 2, '2026-06-16 12:44:56', '2026-06-16 12:55:56', '0', 'admin', '2026-06-16 12:44:56'),
(89, '20260616113548025', 32.00, 2, '2026-06-16 11:35:48', '2026-06-16 11:45:48', '0', 'admin', '2026-06-16 11:35:48'),
(90, '20260616101814026', 59.00, 2, '2026-06-16 10:18:14', '2026-06-16 10:33:14', '0', 'admin', '2026-06-16 10:18:14'),
(91, '20260616114735027', 32.00, 2, '2026-06-16 11:47:35', '2026-06-16 12:00:35', '0', 'admin', '2026-06-16 11:47:35'),
(92, '20260616111407028', 16.50, 2, '2026-06-16 11:14:07', '2026-06-16 11:23:07', '0', 'admin', '2026-06-16 11:14:07'),
(93, '20260616104730029', 21.00, 2, '2026-06-16 10:47:30', '2026-06-16 10:58:30', '0', 'admin', '2026-06-16 10:47:30'),
(94, '20260616111423030', 39.00, 2, '2026-06-16 11:14:23', '2026-06-16 11:22:23', '0', 'admin', '2026-06-16 11:14:23'),
(95, '20260616100335031', 40.50, 2, '2026-06-16 10:03:35', '2026-06-16 10:15:35', '0', 'admin', '2026-06-16 10:03:35'),
(96, '20260616121830032', 43.00, 2, '2026-06-16 12:18:30', '2026-06-16 12:36:30', '0', 'admin', '2026-06-16 12:18:30'),
(97, '20260616110752033', 24.00, 2, '2026-06-16 11:07:52', '2026-06-16 11:12:52', '0', 'admin', '2026-06-16 11:07:52'),
(98, '20260617121905001', 6.00, 2, '2026-06-17 12:19:05', '2026-06-17 12:29:05', '0', 'admin', '2026-06-17 12:19:05'),
(99, '20260617123850002', 55.00, 2, '2026-06-17 12:38:50', '2026-06-17 12:48:50', '0', 'admin', '2026-06-17 12:38:50'),
(100, '20260617124706003', 22.50, 2, '2026-06-17 12:47:06', '2026-06-17 12:56:06', '0', 'admin', '2026-06-17 12:47:06'),
(101, '20260617103504004', 38.00, 2, '2026-06-17 10:35:04', '2026-06-17 10:43:04', '0', 'admin', '2026-06-17 10:35:04'),
(102, '20260617123830005', 24.00, 2, '2026-06-17 12:38:30', '2026-06-17 12:50:30', '0', 'admin', '2026-06-17 12:38:30'),
(103, '20260617121844006', 8.00, 2, '2026-06-17 12:18:44', '2026-06-17 12:35:44', '0', 'admin', '2026-06-17 12:18:44'),
(104, '20260617115050007', 24.00, 2, '2026-06-17 11:50:50', '2026-06-17 11:59:50', '0', 'admin', '2026-06-17 11:50:50'),
(105, '20260617115209008', 32.00, 2, '2026-06-17 11:52:09', '2026-06-17 11:57:09', '0', 'admin', '2026-06-17 11:52:09'),
(106, '20260617124752009', 46.00, 2, '2026-06-17 12:47:52', '2026-06-17 12:59:52', '0', 'admin', '2026-06-17 12:47:52'),
(107, '20260617113234010', 17.00, 2, '2026-06-17 11:32:34', '2026-06-17 11:50:34', '0', 'admin', '2026-06-17 11:32:34'),
(108, '20260617122038011', 9.00, 2, '2026-06-17 12:20:38', '2026-06-17 12:31:38', '0', 'admin', '2026-06-17 12:20:38'),
(109, '20260617125355012', 26.00, 2, '2026-06-17 12:53:55', '2026-06-17 12:56:55', '0', 'admin', '2026-06-17 12:53:55'),
(110, '20260617124128013', 6.00, 2, '2026-06-17 12:41:28', '2026-06-17 12:52:28', '0', 'admin', '2026-06-17 12:41:28'),
(111, '20260617125231014', 70.00, 2, '2026-06-17 12:52:31', '2026-06-17 12:57:31', '0', 'admin', '2026-06-17 12:52:31'),
(112, '20260617120654015', 54.00, 2, '2026-06-17 12:06:54', '2026-06-17 12:14:54', '0', 'admin', '2026-06-17 12:06:54'),
(113, '20260617122552016', 8.00, 2, '2026-06-17 12:25:52', '2026-06-17 12:45:52', '0', 'admin', '2026-06-17 12:25:52'),
(114, '20260617111620017', 15.00, 2, '2026-06-17 11:16:20', '2026-06-17 11:22:20', '0', 'admin', '2026-06-17 11:16:20'),
(115, '20260617110312018', 24.00, 2, '2026-06-17 11:03:12', '2026-06-17 11:22:12', '0', 'admin', '2026-06-17 11:03:12'),
(116, '20260617101317019', 28.00, 2, '2026-06-17 10:13:17', '2026-06-17 10:33:17', '0', 'admin', '2026-06-17 10:13:17'),
(117, '20260617123107020', 29.00, 2, '2026-06-17 12:31:07', '2026-06-17 12:34:07', '0', 'admin', '2026-06-17 12:31:07'),
(118, '20260617122605021', 8.00, 2, '2026-06-17 12:26:05', '2026-06-17 12:36:05', '0', 'admin', '2026-06-17 12:26:05'),
(119, '20260617125309022', 64.00, 2, '2026-06-17 12:53:09', '2026-06-17 13:11:09', '0', 'admin', '2026-06-17 12:53:09'),
(120, '20260617111529023', 13.00, 2, '2026-06-17 11:15:29', '2026-06-17 11:35:29', '0', 'admin', '2026-06-17 11:15:29'),
(121, '20260617123247024', 24.00, 2, '2026-06-17 12:32:47', '2026-06-17 12:39:47', '0', 'admin', '2026-06-17 12:32:47'),
(122, '20260617115950025', 34.00, 2, '2026-06-17 11:59:50', '2026-06-17 12:18:50', '0', 'admin', '2026-06-17 11:59:50'),
(123, '20260617123742026', 14.00, 2, '2026-06-17 12:37:42', '2026-06-17 12:55:42', '0', 'admin', '2026-06-17 12:37:42'),
(124, '20260617112135027', 21.00, 2, '2026-06-17 11:21:35', '2026-06-17 11:41:35', '0', 'admin', '2026-06-17 11:21:35'),
(125, '20260618111454001', 26.00, 2, '2026-06-18 11:14:54', '2026-06-18 11:30:54', '0', 'admin', '2026-06-18 11:14:54'),
(126, '20260618125851002', 11.50, 2, '2026-06-18 12:58:51', '2026-06-18 13:13:51', '0', 'admin', '2026-06-18 12:58:51'),
(127, '20260618100832003', 6.00, 2, '2026-06-18 10:08:32', '2026-06-18 10:21:32', '0', 'admin', '2026-06-18 10:08:32'),
(128, '20260618103358004', 2.50, 2, '2026-06-18 10:33:58', '2026-06-18 10:50:58', '0', 'admin', '2026-06-18 10:33:58'),
(129, '20260618115541005', 18.00, 2, '2026-06-18 11:55:41', '2026-06-18 12:02:41', '0', 'admin', '2026-06-18 11:55:41'),
(130, '20260618113944006', 56.00, 2, '2026-06-18 11:39:44', '2026-06-18 11:54:44', '0', 'admin', '2026-06-18 11:39:44'),
(131, '20260618120239007', 3.00, 2, '2026-06-18 12:02:39', '2026-06-18 12:07:39', '0', 'admin', '2026-06-18 12:02:39'),
(132, '20260618104705008', 5.00, 2, '2026-06-18 10:47:05', '2026-06-18 11:03:05', '0', 'admin', '2026-06-18 10:47:05'),
(133, '20260618111044009', 26.00, 2, '2026-06-18 11:10:44', '2026-06-18 11:22:44', '0', 'admin', '2026-06-18 11:10:44'),
(134, '20260618101822010', 41.00, 2, '2026-06-18 10:18:22', '2026-06-18 10:32:22', '0', 'admin', '2026-06-18 10:18:22'),
(135, '20260618101105011', 41.00, 2, '2026-06-18 10:11:05', '2026-06-18 10:26:05', '0', 'admin', '2026-06-18 10:11:05'),
(136, '20260618121629012', 44.00, 2, '2026-06-18 12:16:29', '2026-06-18 12:27:29', '0', 'admin', '2026-06-18 12:16:29'),
(137, '20260618112237013', 42.00, 2, '2026-06-18 11:22:37', '2026-06-18 11:34:37', '0', 'admin', '2026-06-18 11:22:37'),
(138, '20260618115430014', 26.00, 2, '2026-06-18 11:54:30', '2026-06-18 12:00:30', '0', 'admin', '2026-06-18 11:54:30'),
(139, '20260618121844015', 6.00, 2, '2026-06-18 12:18:44', '2026-06-18 12:30:44', '0', 'admin', '2026-06-18 12:18:44'),
(140, '20260618110036016', 19.00, 2, '2026-06-18 11:00:36', '2026-06-18 11:04:36', '0', 'admin', '2026-06-18 11:00:36'),
(141, '20260618104012017', 13.50, 2, '2026-06-18 10:40:12', '2026-06-18 10:51:12', '0', 'admin', '2026-06-18 10:40:12'),
(142, '20260618115028018', 55.00, 2, '2026-06-18 11:50:28', '2026-06-18 11:54:28', '0', 'admin', '2026-06-18 11:50:28'),
(143, '20260618122611019', 10.00, 2, '2026-06-18 12:26:11', '2026-06-18 12:35:11', '0', 'admin', '2026-06-18 12:26:11'),
(144, '20260618123258020', 20.00, 2, '2026-06-18 12:32:58', '2026-06-18 12:43:58', '0', 'admin', '2026-06-18 12:32:58'),
(145, '20260618114755021', 8.00, 2, '2026-06-18 11:47:55', '2026-06-18 12:00:55', '0', 'admin', '2026-06-18 11:47:55'),
(146, '20260618104814022', 47.00, 2, '2026-06-18 10:48:14', '2026-06-18 11:03:14', '0', 'admin', '2026-06-18 10:48:14'),
(147, '20260618120729023', 29.00, 2, '2026-06-18 12:07:29', '2026-06-18 12:21:29', '0', 'admin', '2026-06-18 12:07:29'),
(148, '20260618121430024', 30.00, 2, '2026-06-18 12:14:30', '2026-06-18 12:17:30', '0', 'admin', '2026-06-18 12:14:30'),
(149, '20260618121941025', 18.00, 2, '2026-06-18 12:19:41', '2026-06-18 12:35:41', '0', 'admin', '2026-06-18 12:19:41'),
(150, '20260618101931026', 13.00, 2, '2026-06-18 10:19:31', '2026-06-18 10:25:31', '0', 'admin', '2026-06-18 10:19:31'),
(151, '20260618112923027', 6.00, 2, '2026-06-18 11:29:23', '2026-06-18 11:49:23', '0', 'admin', '2026-06-18 11:29:23'),
(152, '20260618120653028', 76.00, 2, '2026-06-18 12:06:53', '2026-06-18 12:24:53', '0', 'admin', '2026-06-18 12:06:53'),
(153, '20260618111554029', 16.00, 2, '2026-06-18 11:15:54', '2026-06-18 11:29:54', '0', 'admin', '2026-06-18 11:15:54'),
(154, '20260618125741030', 36.00, 2, '2026-06-18 12:57:41', '2026-06-18 13:11:41', '0', 'admin', '2026-06-18 12:57:41'),
(155, '20260618100754031', 1.50, 2, '2026-06-18 10:07:54', '2026-06-18 10:24:54', '0', 'admin', '2026-06-18 10:07:54'),
(156, '20260618124038032', 10.00, 2, '2026-06-18 12:40:38', '2026-06-18 12:43:38', '0', 'admin', '2026-06-18 12:40:38'),
(157, '20260618100850033', 3.00, 2, '2026-06-18 10:08:50', '2026-06-18 10:17:50', '0', 'admin', '2026-06-18 10:08:50'),
(158, '20260618121352034', 34.00, 2, '2026-06-18 12:13:52', '2026-06-18 12:23:52', '0', 'admin', '2026-06-18 12:13:52'),
(159, '20260619103416001', 1.50, 2, '2026-06-19 10:34:16', '2026-06-19 10:42:16', '0', 'admin', '2026-06-19 10:34:16'),
(160, '20260619100022002', 51.00, 2, '2026-06-19 10:00:22', '2026-06-19 10:10:22', '0', 'admin', '2026-06-19 10:00:22'),
(161, '20260619122633003', 51.00, 2, '2026-06-19 12:26:33', '2026-06-19 12:32:33', '0', 'admin', '2026-06-19 12:26:33'),
(162, '20260619121439004', 17.50, 2, '2026-06-19 12:14:39', '2026-06-19 12:18:39', '0', 'admin', '2026-06-19 12:14:39'),
(163, '20260619103054005', 48.00, 2, '2026-06-19 10:30:54', '2026-06-19 10:45:54', '0', 'admin', '2026-06-19 10:30:54'),
(164, '20260619105705006', 92.00, 2, '2026-06-19 10:57:05', '2026-06-19 11:10:05', '0', 'admin', '2026-06-19 10:57:05'),
(165, '20260619123318007', 44.00, 2, '2026-06-19 12:33:18', '2026-06-19 12:50:18', '0', 'admin', '2026-06-19 12:33:18'),
(166, '20260619115614008', 20.00, 2, '2026-06-19 11:56:14', '2026-06-19 12:12:14', '0', 'admin', '2026-06-19 11:56:14'),
(167, '20260619120620009', 13.00, 2, '2026-06-19 12:06:20', '2026-06-19 12:22:20', '0', 'admin', '2026-06-19 12:06:20'),
(168, '20260619125930010', 3.00, 2, '2026-06-19 12:59:30', '2026-06-19 13:04:30', '0', 'admin', '2026-06-19 12:59:30'),
(169, '20260619102706011', 3.00, 2, '2026-06-19 10:27:06', '2026-06-19 10:41:06', '0', 'admin', '2026-06-19 10:27:06'),
(170, '20260619123535012', 81.00, 2, '2026-06-19 12:35:35', '2026-06-19 12:48:35', '0', 'admin', '2026-06-19 12:35:35'),
(171, '20260619121922013', 37.00, 2, '2026-06-19 12:19:22', '2026-06-19 12:25:22', '0', 'admin', '2026-06-19 12:19:22'),
(172, '20260619115435014', 10.00, 2, '2026-06-19 11:54:35', '2026-06-19 12:08:35', '0', 'admin', '2026-06-19 11:54:35'),
(173, '20260619121451015', 17.00, 2, '2026-06-19 12:14:51', '2026-06-19 12:30:51', '0', 'admin', '2026-06-19 12:14:51'),
(174, '20260619101744016', 31.00, 2, '2026-06-19 10:17:44', '2026-06-19 10:29:44', '0', 'admin', '2026-06-19 10:17:44'),
(175, '20260619124225017', 1.50, 2, '2026-06-19 12:42:25', '2026-06-19 12:47:25', '0', 'admin', '2026-06-19 12:42:25'),
(176, '20260619104733018', 46.00, 2, '2026-06-19 10:47:33', '2026-06-19 10:56:33', '0', 'admin', '2026-06-19 10:47:33'),
(177, '20260619111946019', 23.00, 2, '2026-06-19 11:19:46', '2026-06-19 11:32:46', '0', 'admin', '2026-06-19 11:19:46'),
(178, '20260619120517020', 44.00, 2, '2026-06-19 12:05:17', '2026-06-19 12:22:17', '0', 'admin', '2026-06-19 12:05:17'),
(179, '20260619104832021', 46.00, 2, '2026-06-19 10:48:32', '2026-06-19 10:54:32', '0', 'admin', '2026-06-19 10:48:32'),
(180, '20260619124219022', 18.00, 2, '2026-06-19 12:42:19', '2026-06-19 12:46:19', '0', 'admin', '2026-06-19 12:42:19'),
(181, '20260619101319023', 10.00, 2, '2026-06-19 10:13:19', '2026-06-19 10:22:19', '0', 'admin', '2026-06-19 10:13:19'),
(182, '20260619112007024', 9.50, 2, '2026-06-19 11:20:07', '2026-06-19 11:23:07', '0', 'admin', '2026-06-19 11:20:07'),
(183, '20260619113445025', 12.00, 2, '2026-06-19 11:34:45', '2026-06-19 11:44:45', '0', 'admin', '2026-06-19 11:34:45'),
(184, '20260619120227026', 34.00, 2, '2026-06-19 12:02:27', '2026-06-19 12:05:27', '0', 'admin', '2026-06-19 12:02:27'),
(185, '20260619122545027', 51.00, 2, '2026-06-19 12:25:45', '2026-06-19 12:41:45', '0', 'admin', '2026-06-19 12:25:45'),
(186, '20260620122953001', 8.00, 2, '2026-06-20 12:29:53', '2026-06-20 12:43:53', '0', 'admin', '2026-06-20 12:29:53'),
(187, '20260620102737002', 57.00, 2, '2026-06-20 10:27:37', '2026-06-20 10:42:37', '0', 'admin', '2026-06-20 10:27:37'),
(188, '20260620114910003', 51.50, 2, '2026-06-20 11:49:10', '2026-06-20 11:54:10', '0', 'admin', '2026-06-20 11:49:10'),
(189, '20260620125241004', 16.00, 2, '2026-06-20 12:52:41', '2026-06-20 12:59:41', '0', 'admin', '2026-06-20 12:52:41'),
(190, '20260620111211005', 66.00, 2, '2026-06-20 11:12:11', '2026-06-20 11:19:11', '0', 'admin', '2026-06-20 11:12:11'),
(191, '20260620125956006', 55.00, 2, '2026-06-20 12:59:56', '2026-06-20 13:12:56', '0', 'admin', '2026-06-20 12:59:56'),
(192, '20260620121950007', 54.00, 2, '2026-06-20 12:19:50', '2026-06-20 12:30:50', '0', 'admin', '2026-06-20 12:19:50'),
(193, '20260620110203008', 16.00, 2, '2026-06-20 11:02:03', '2026-06-20 11:16:03', '0', 'admin', '2026-06-20 11:02:03'),
(194, '20260620113735009', 18.00, 2, '2026-06-20 11:37:35', '2026-06-20 11:41:35', '0', 'admin', '2026-06-20 11:37:35'),
(195, '20260620123032010', 7.00, 2, '2026-06-20 12:30:32', '2026-06-20 12:37:32', '0', 'admin', '2026-06-20 12:30:32'),
(196, '20260620114505011', 65.00, 2, '2026-06-20 11:45:05', '2026-06-20 12:04:05', '0', 'admin', '2026-06-20 11:45:05'),
(197, '20260620112358012', 44.00, 2, '2026-06-20 11:23:58', '2026-06-20 11:35:58', '0', 'admin', '2026-06-20 11:23:58'),
(198, '20260620124121013', 38.00, 2, '2026-06-20 12:41:21', '2026-06-20 12:46:21', '0', 'admin', '2026-06-20 12:41:21'),
(199, '20260620114654014', 15.00, 2, '2026-06-20 11:46:54', '2026-06-20 11:53:54', '0', 'admin', '2026-06-20 11:46:54'),
(200, '20260620114144015', 4.00, 2, '2026-06-20 11:41:44', '2026-06-20 11:56:44', '0', 'admin', '2026-06-20 11:41:44'),
(201, '20260620113524016', 1.50, 2, '2026-06-20 11:35:24', '2026-06-20 11:48:24', '0', 'admin', '2026-06-20 11:35:24'),
(202, '20260620124227017', 38.00, 2, '2026-06-20 12:42:27', '2026-06-20 13:01:27', '0', 'admin', '2026-06-20 12:42:27'),
(203, '20260620102149018', 12.00, 2, '2026-06-20 10:21:49', '2026-06-20 10:39:49', '0', 'admin', '2026-06-20 10:21:49'),
(204, '20260620100418019', 27.00, 2, '2026-06-20 10:04:18', '2026-06-20 10:10:18', '0', 'admin', '2026-06-20 10:04:18'),
(205, '20260620122409020', 3.00, 2, '2026-06-20 12:24:09', '2026-06-20 12:32:09', '0', 'admin', '2026-06-20 12:24:09'),
(206, '20260620122802021', 13.00, 2, '2026-06-20 12:28:02', '2026-06-20 12:44:02', '0', 'admin', '2026-06-20 12:28:02'),
(207, '20260620121848022', 9.00, 2, '2026-06-20 12:18:48', '2026-06-20 12:35:48', '0', 'admin', '2026-06-20 12:18:48'),
(208, '20260620115150023', 28.00, 2, '2026-06-20 11:51:50', '2026-06-20 12:09:50', '0', 'admin', '2026-06-20 11:51:50'),
(209, '20260620114918024', 61.00, 2, '2026-06-20 11:49:18', '2026-06-20 12:04:18', '0', 'admin', '2026-06-20 11:49:18'),
(210, '20260620104130025', 42.00, 2, '2026-06-20 10:41:30', '2026-06-20 10:55:30', '0', 'admin', '2026-06-20 10:41:30'),
(211, '20260620101728026', 6.00, 2, '2026-06-20 10:17:28', '2026-06-20 10:36:28', '0', 'admin', '2026-06-20 10:17:28'),
(212, '20260620105814027', 50.00, 2, '2026-06-20 10:58:14', '2026-06-20 11:15:14', '0', 'admin', '2026-06-20 10:58:14');

INSERT INTO t_order_item(order_item_id, order_id, dish_id, dish_name, price, quantity, create_by, create_time) VALUES
(1, 1, 13, '刀削面', 12.00, 1, 'admin', NOW()),
(2, 1, 46, '水饺', 12.00, 1, 'admin', NOW()),
(3, 1, 5, '糖醋里脊', 14.00, 2, 'admin', NOW()),
(4, 2, 18, '猫耳朵', 12.00, 2, 'admin', NOW()),
(5, 2, 30, '手撕包菜', 8.00, 1, 'admin', NOW()),
(6, 3, 44, '蛋炒饭', 8.00, 1, 'admin', NOW()),
(7, 3, 42, '馒头', 1.00, 1, 'admin', NOW()),
(8, 3, 5, '糖醋里脊', 14.00, 1, 'admin', NOW()),
(9, 4, 44, '蛋炒饭', 8.00, 2, 'admin', NOW()),
(10, 5, 26, '孜然羊肉', 18.00, 1, 'admin', NOW()),
(11, 5, 18, '猫耳朵', 12.00, 1, 'admin', NOW()),
(12, 6, 42, '馒头', 1.00, 2, 'admin', NOW()),
(13, 7, 17, '油泼面', 10.00, 1, 'admin', NOW()),
(14, 8, 48, '油条', 1.50, 2, 'admin', NOW()),
(15, 8, 38, '西红柿鸡蛋汤', 3.00, 2, 'admin', NOW()),
(16, 9, 6, '地三鲜', 9.00, 1, 'admin', NOW()),
(17, 9, 49, '凉拌黄瓜', 5.00, 1, 'admin', NOW()),
(18, 10, 5, '糖醋里脊', 14.00, 2, 'admin', NOW()),
(19, 10, 25, '尖椒炒肉', 13.00, 2, 'admin', NOW()),
(20, 10, 39, '酸辣汤', 4.00, 1, 'admin', NOW()),
(21, 11, 50, '凉拌木耳', 6.00, 2, 'admin', NOW()),
(22, 11, 42, '馒头', 1.00, 1, 'admin', NOW()),
(23, 12, 47, '肉包子', 2.50, 2, 'admin', NOW()),
(24, 13, 56, '豆腐脑', 3.00, 2, 'admin', NOW()),
(25, 14, 24, '辣子鸡丁', 14.00, 1, 'admin', NOW()),
(26, 15, 39, '酸辣汤', 4.00, 2, 'admin', NOW()),
(27, 16, 16, '煮馍', 13.00, 1, 'admin', NOW()),
(28, 16, 4, '麻婆豆腐', 10.00, 1, 'admin', NOW()),
(29, 17, 50, '凉拌木耳', 6.00, 2, 'admin', NOW()),
(30, 17, 9, '锅包肉', 18.00, 1, 'admin', NOW()),
(31, 17, 43, '花卷', 1.50, 2, 'admin', NOW()),
(32, 18, 35, '家常豆腐', 9.00, 1, 'admin', NOW()),
(33, 19, 34, '干煸豆角', 10.00, 1, 'admin', NOW()),
(34, 19, 29, '醋溜土豆丝', 7.00, 1, 'admin', NOW()),
(35, 20, 36, '紫菜蛋花汤', 3.00, 1, 'admin', NOW()),
(36, 20, 15, '焖面', 12.00, 1, 'admin', NOW()),
(37, 20, 38, '西红柿鸡蛋汤', 3.00, 1, 'admin', NOW()),
(38, 21, 3, '宫保鸡丁', 13.00, 2, 'admin', NOW()),
(39, 22, 32, '干锅花菜', 10.00, 1, 'admin', NOW()),
(40, 22, 14, '打卤面', 11.00, 2, 'admin', NOW()),
(41, 22, 35, '家常豆腐', 9.00, 1, 'admin', NOW()),
(42, 23, 7, '小鸡炖蘑菇', 16.00, 2, 'admin', NOW()),
(43, 24, 4, '麻婆豆腐', 10.00, 1, 'admin', NOW()),
(44, 24, 44, '蛋炒饭', 8.00, 1, 'admin', NOW()),
(45, 24, 42, '馒头', 1.00, 2, 'admin', NOW()),
(46, 25, 13, '刀削面', 12.00, 1, 'admin', NOW()),
(47, 26, 18, '猫耳朵', 12.00, 2, 'admin', NOW()),
(48, 27, 52, '凉拌豆腐丝', 6.00, 1, 'admin', NOW()),
(49, 27, 56, '豆腐脑', 3.00, 1, 'admin', NOW()),
(50, 28, 49, '凉拌黄瓜', 5.00, 1, 'admin', NOW()),
(51, 29, 56, '豆腐脑', 3.00, 2, 'admin', NOW()),
(52, 30, 17, '油泼面', 10.00, 2, 'admin', NOW()),
(53, 30, 51, '拍黄瓜', 5.00, 2, 'admin', NOW()),
(54, 31, 46, '水饺', 12.00, 1, 'admin', NOW()),
(55, 31, 32, '干锅花菜', 10.00, 2, 'admin', NOW()),
(56, 31, 10, '酸菜白肉', 14.00, 1, 'admin', NOW()),
(57, 32, 48, '油条', 1.50, 2, 'admin', NOW()),
(58, 33, 55, '小米粥', 2.00, 1, 'admin', NOW()),
(59, 33, 34, '干煸豆角', 10.00, 1, 'admin', NOW()),
(60, 33, 11, '过油肉', 16.00, 1, 'admin', NOW()),
(61, 34, 8, '溜肉段', 15.00, 1, 'admin', NOW()),
(62, 34, 37, '冬瓜排骨汤', 6.00, 1, 'admin', NOW()),
(63, 35, 17, '油泼面', 10.00, 2, 'admin', NOW()),
(64, 35, 14, '打卤面', 11.00, 1, 'admin', NOW()),
(65, 36, 21, '木须肉', 13.00, 1, 'admin', NOW()),
(66, 36, 49, '凉拌黄瓜', 5.00, 1, 'admin', NOW()),
(67, 37, 35, '家常豆腐', 9.00, 1, 'admin', NOW()),
(68, 38, 16, '煮馍', 13.00, 2, 'admin', NOW()),
(69, 39, 20, '回锅肉', 15.00, 1, 'admin', NOW()),
(70, 39, 40, '玉米排骨汤', 7.00, 2, 'admin', NOW()),
(71, 39, 52, '凉拌豆腐丝', 6.00, 1, 'admin', NOW()),
(72, 40, 36, '紫菜蛋花汤', 3.00, 2, 'admin', NOW()),
(73, 40, 10, '酸菜白肉', 14.00, 1, 'admin', NOW()),
(74, 40, 18, '猫耳朵', 12.00, 2, 'admin', NOW()),
(75, 41, 32, '干锅花菜', 10.00, 1, 'admin', NOW()),
(76, 41, 17, '油泼面', 10.00, 1, 'admin', NOW()),
(77, 41, 55, '小米粥', 2.00, 2, 'admin', NOW()),
(78, 42, 41, '米饭', 1.50, 2, 'admin', NOW()),
(79, 43, 28, '西红柿炒鸡蛋', 8.00, 1, 'admin', NOW()),
(80, 43, 36, '紫菜蛋花汤', 3.00, 1, 'admin', NOW()),
(81, 43, 1, '红烧肉', 15.00, 1, 'admin', NOW()),
(82, 44, 36, '紫菜蛋花汤', 3.00, 1, 'admin', NOW()),
(83, 44, 10, '酸菜白肉', 14.00, 1, 'admin', NOW()),
(84, 44, 28, '西红柿炒鸡蛋', 8.00, 2, 'admin', NOW()),
(85, 45, 14, '打卤面', 11.00, 1, 'admin', NOW()),
(86, 45, 44, '蛋炒饭', 8.00, 1, 'admin', NOW()),
(87, 46, 48, '油条', 1.50, 1, 'admin', NOW()),
(88, 46, 10, '酸菜白肉', 14.00, 1, 'admin', NOW()),
(89, 46, 16, '煮馍', 13.00, 2, 'admin', NOW()),
(90, 47, 52, '凉拌豆腐丝', 6.00, 1, 'admin', NOW()),
(91, 47, 43, '花卷', 1.50, 2, 'admin', NOW()),
(92, 48, 56, '豆腐脑', 3.00, 2, 'admin', NOW()),
(93, 48, 3, '宫保鸡丁', 13.00, 1, 'admin', NOW()),
(94, 49, 20, '回锅肉', 15.00, 1, 'admin', NOW()),
(95, 49, 53, '豆浆', 2.00, 1, 'admin', NOW()),
(96, 50, 18, '猫耳朵', 12.00, 1, 'admin', NOW()),
(97, 50, 56, '豆腐脑', 3.00, 2, 'admin', NOW()),
(98, 51, 54, '牛奶', 3.00, 1, 'admin', NOW()),
(99, 51, 35, '家常豆腐', 9.00, 1, 'admin', NOW()),
(100, 51, 22, '土豆烧牛肉', 17.00, 2, 'admin', NOW()),
(101, 52, 39, '酸辣汤', 4.00, 2, 'admin', NOW()),
(102, 53, 39, '酸辣汤', 4.00, 1, 'admin', NOW()),
(103, 53, 33, '清炒时蔬', 6.00, 2, 'admin', NOW()),
(104, 54, 28, '西红柿炒鸡蛋', 8.00, 1, 'admin', NOW()),
(105, 54, 1, '红烧肉', 15.00, 2, 'admin', NOW()),
(106, 54, 34, '干煸豆角', 10.00, 2, 'admin', NOW()),
(107, 55, 21, '木须肉', 13.00, 1, 'admin', NOW()),
(108, 55, 43, '花卷', 1.50, 2, 'admin', NOW()),
(109, 55, 55, '小米粥', 2.00, 2, 'admin', NOW()),
(110, 56, 19, '京酱肉丝', 14.00, 1, 'admin', NOW()),
(111, 56, 36, '紫菜蛋花汤', 3.00, 2, 'admin', NOW()),
(112, 56, 9, '锅包肉', 18.00, 2, 'admin', NOW()),
(113, 57, 37, '冬瓜排骨汤', 6.00, 1, 'admin', NOW()),
(114, 57, 20, '回锅肉', 15.00, 2, 'admin', NOW()),
(115, 57, 26, '孜然羊肉', 18.00, 2, 'admin', NOW()),
(116, 58, 29, '醋溜土豆丝', 7.00, 1, 'admin', NOW()),
(117, 58, 44, '蛋炒饭', 8.00, 2, 'admin', NOW()),
(118, 59, 33, '清炒时蔬', 6.00, 2, 'admin', NOW()),
(119, 59, 43, '花卷', 1.50, 1, 'admin', NOW()),
(120, 60, 10, '酸菜白肉', 14.00, 1, 'admin', NOW()),
(121, 61, 27, '黑椒牛柳', 19.00, 1, 'admin', NOW()),
(122, 61, 41, '米饭', 1.50, 2, 'admin', NOW()),
(123, 62, 45, '炒饼丝', 8.00, 1, 'admin', NOW()),
(124, 62, 1, '红烧肉', 15.00, 2, 'admin', NOW()),
(125, 62, 49, '凉拌黄瓜', 5.00, 1, 'admin', NOW()),
(126, 63, 4, '麻婆豆腐', 10.00, 1, 'admin', NOW()),
(127, 63, 36, '紫菜蛋花汤', 3.00, 1, 'admin', NOW()),
(128, 64, 34, '干煸豆角', 10.00, 2, 'admin', NOW()),
(129, 64, 36, '紫菜蛋花汤', 3.00, 2, 'admin', NOW()),
(130, 64, 39, '酸辣汤', 4.00, 2, 'admin', NOW()),
(131, 65, 17, '油泼面', 10.00, 1, 'admin', NOW()),
(132, 65, 49, '凉拌黄瓜', 5.00, 2, 'admin', NOW()),
(133, 66, 29, '醋溜土豆丝', 7.00, 2, 'admin', NOW()),
(134, 66, 5, '糖醋里脊', 14.00, 1, 'admin', NOW()),
(135, 67, 9, '锅包肉', 18.00, 1, 'admin', NOW()),
(136, 68, 14, '打卤面', 11.00, 2, 'admin', NOW()),
(137, 68, 5, '糖醋里脊', 14.00, 2, 'admin', NOW()),
(138, 68, 27, '黑椒牛柳', 19.00, 2, 'admin', NOW()),
(139, 69, 50, '凉拌木耳', 6.00, 1, 'admin', NOW()),
(140, 69, 38, '西红柿鸡蛋汤', 3.00, 2, 'admin', NOW()),
(141, 70, 55, '小米粥', 2.00, 2, 'admin', NOW()),
(142, 70, 54, '牛奶', 3.00, 1, 'admin', NOW()),
(143, 71, 2, '鱼香肉丝', 12.00, 2, 'admin', NOW()),
(144, 71, 25, '尖椒炒肉', 13.00, 2, 'admin', NOW()),
(145, 72, 40, '玉米排骨汤', 7.00, 1, 'admin', NOW()),
(146, 73, 42, '馒头', 1.00, 2, 'admin', NOW()),
(147, 74, 17, '油泼面', 10.00, 2, 'admin', NOW()),
(148, 75, 49, '凉拌黄瓜', 5.00, 2, 'admin', NOW()),
(149, 75, 25, '尖椒炒肉', 13.00, 2, 'admin', NOW()),
(150, 76, 48, '油条', 1.50, 1, 'admin', NOW()),
(151, 77, 3, '宫保鸡丁', 13.00, 1, 'admin', NOW()),
(152, 77, 49, '凉拌黄瓜', 5.00, 1, 'admin', NOW()),
(153, 77, 2, '鱼香肉丝', 12.00, 1, 'admin', NOW()),
(154, 78, 43, '花卷', 1.50, 1, 'admin', NOW()),
(155, 78, 8, '溜肉段', 15.00, 2, 'admin', NOW()),
(156, 79, 39, '酸辣汤', 4.00, 1, 'admin', NOW()),
(157, 80, 37, '冬瓜排骨汤', 6.00, 2, 'admin', NOW()),
(158, 80, 44, '蛋炒饭', 8.00, 2, 'admin', NOW()),
(159, 81, 45, '炒饼丝', 8.00, 2, 'admin', NOW()),
(160, 82, 51, '拍黄瓜', 5.00, 2, 'admin', NOW()),
(161, 82, 3, '宫保鸡丁', 13.00, 2, 'admin', NOW()),
(162, 82, 23, '黄焖鸡', 16.00, 1, 'admin', NOW()),
(163, 83, 53, '豆浆', 2.00, 1, 'admin', NOW()),
(164, 83, 32, '干锅花菜', 10.00, 2, 'admin', NOW()),
(165, 84, 10, '酸菜白肉', 14.00, 2, 'admin', NOW()),
(166, 84, 28, '西红柿炒鸡蛋', 8.00, 2, 'admin', NOW()),
(167, 84, 12, '山西烩菜', 13.00, 2, 'admin', NOW()),
(168, 85, 55, '小米粥', 2.00, 1, 'admin', NOW()),
(169, 85, 16, '煮馍', 13.00, 2, 'admin', NOW()),
(170, 86, 40, '玉米排骨汤', 7.00, 2, 'admin', NOW()),
(171, 86, 43, '花卷', 1.50, 1, 'admin', NOW()),
(172, 86, 25, '尖椒炒肉', 13.00, 2, 'admin', NOW()),
(173, 87, 52, '凉拌豆腐丝', 6.00, 2, 'admin', NOW()),
(174, 87, 17, '油泼面', 10.00, 2, 'admin', NOW()),
(175, 88, 1, '红烧肉', 15.00, 1, 'admin', NOW()),
(176, 88, 34, '干煸豆角', 10.00, 1, 'admin', NOW()),
(177, 88, 13, '刀削面', 12.00, 2, 'admin', NOW()),
(178, 89, 31, '蒜蓉西兰花', 9.00, 2, 'admin', NOW()),
(179, 89, 42, '馒头', 1.00, 2, 'admin', NOW()),
(180, 89, 46, '水饺', 12.00, 1, 'admin', NOW()),
(181, 90, 16, '煮馍', 13.00, 2, 'admin', NOW()),
(182, 90, 20, '回锅肉', 15.00, 2, 'admin', NOW()),
(183, 90, 43, '花卷', 1.50, 2, 'admin', NOW()),
(184, 91, 45, '炒饼丝', 8.00, 2, 'admin', NOW()),
(185, 91, 30, '手撕包菜', 8.00, 2, 'admin', NOW()),
(186, 92, 8, '溜肉段', 15.00, 1, 'admin', NOW()),
(187, 92, 48, '油条', 1.50, 1, 'admin', NOW()),
(188, 93, 38, '西红柿鸡蛋汤', 3.00, 2, 'admin', NOW()),
(189, 93, 49, '凉拌黄瓜', 5.00, 1, 'admin', NOW()),
(190, 93, 34, '干煸豆角', 10.00, 1, 'admin', NOW()),
(191, 94, 1, '红烧肉', 15.00, 1, 'admin', NOW()),
(192, 94, 46, '水饺', 12.00, 2, 'admin', NOW()),
(193, 95, 9, '锅包肉', 18.00, 2, 'admin', NOW()),
(194, 95, 41, '米饭', 1.50, 1, 'admin', NOW()),
(195, 95, 56, '豆腐脑', 3.00, 1, 'admin', NOW()),
(196, 96, 22, '土豆烧牛肉', 17.00, 1, 'admin', NOW()),
(197, 96, 12, '山西烩菜', 13.00, 2, 'admin', NOW()),
(198, 97, 32, '干锅花菜', 10.00, 1, 'admin', NOW()),
(199, 97, 5, '糖醋里脊', 14.00, 1, 'admin', NOW()),
(200, 98, 36, '紫菜蛋花汤', 3.00, 2, 'admin', NOW()),
(201, 99, 25, '尖椒炒肉', 13.00, 2, 'admin', NOW()),
(202, 99, 29, '醋溜土豆丝', 7.00, 2, 'admin', NOW()),
(203, 99, 20, '回锅肉', 15.00, 1, 'admin', NOW()),
(204, 100, 14, '打卤面', 11.00, 1, 'admin', NOW()),
(205, 100, 17, '油泼面', 10.00, 1, 'admin', NOW()),
(206, 100, 43, '花卷', 1.50, 1, 'admin', NOW()),
(207, 101, 27, '黑椒牛柳', 19.00, 2, 'admin', NOW()),
(208, 102, 15, '焖面', 12.00, 2, 'admin', NOW()),
(209, 103, 44, '蛋炒饭', 8.00, 1, 'admin', NOW()),
(210, 104, 8, '溜肉段', 15.00, 1, 'admin', NOW()),
(211, 104, 35, '家常豆腐', 9.00, 1, 'admin', NOW()),
(212, 105, 11, '过油肉', 16.00, 2, 'admin', NOW()),
(213, 106, 8, '溜肉段', 15.00, 2, 'admin', NOW()),
(214, 106, 30, '手撕包菜', 8.00, 2, 'admin', NOW()),
(215, 107, 6, '地三鲜', 9.00, 1, 'admin', NOW()),
(216, 107, 39, '酸辣汤', 4.00, 2, 'admin', NOW()),
(217, 108, 6, '地三鲜', 9.00, 1, 'admin', NOW()),
(218, 109, 53, '豆浆', 2.00, 1, 'admin', NOW()),
(219, 109, 18, '猫耳朵', 12.00, 1, 'admin', NOW()),
(220, 109, 37, '冬瓜排骨汤', 6.00, 2, 'admin', NOW()),
(221, 110, 38, '西红柿鸡蛋汤', 3.00, 2, 'admin', NOW()),
(222, 111, 23, '黄焖鸡', 16.00, 2, 'admin', NOW()),
(223, 111, 27, '黑椒牛柳', 19.00, 2, 'admin', NOW()),
(224, 112, 27, '黑椒牛柳', 19.00, 2, 'admin', NOW()),
(225, 112, 45, '炒饼丝', 8.00, 2, 'admin', NOW()),
(226, 113, 30, '手撕包菜', 8.00, 1, 'admin', NOW()),
(227, 114, 56, '豆腐脑', 3.00, 1, 'admin', NOW()),
(228, 114, 33, '清炒时蔬', 6.00, 2, 'admin', NOW()),
(229, 115, 40, '玉米排骨汤', 7.00, 2, 'admin', NOW()),
(230, 115, 49, '凉拌黄瓜', 5.00, 2, 'admin', NOW()),
(231, 116, 19, '京酱肉丝', 14.00, 2, 'admin', NOW()),
(232, 117, 39, '酸辣汤', 4.00, 1, 'admin', NOW()),
(233, 117, 52, '凉拌豆腐丝', 6.00, 2, 'admin', NOW()),
(234, 117, 16, '煮馍', 13.00, 1, 'admin', NOW()),
(235, 118, 30, '手撕包菜', 8.00, 1, 'admin', NOW()),
(236, 119, 19, '京酱肉丝', 14.00, 2, 'admin', NOW()),
(237, 119, 33, '清炒时蔬', 6.00, 2, 'admin', NOW()),
(238, 119, 46, '水饺', 12.00, 2, 'admin', NOW()),
(239, 120, 25, '尖椒炒肉', 13.00, 1, 'admin', NOW()),
(240, 121, 18, '猫耳朵', 12.00, 2, 'admin', NOW()),
(241, 122, 53, '豆浆', 2.00, 2, 'admin', NOW()),
(242, 122, 1, '红烧肉', 15.00, 2, 'admin', NOW()),
(243, 123, 29, '醋溜土豆丝', 7.00, 2, 'admin', NOW()),
(244, 124, 30, '手撕包菜', 8.00, 1, 'admin', NOW()),
(245, 124, 21, '木须肉', 13.00, 1, 'admin', NOW()),
(246, 125, 21, '木须肉', 13.00, 2, 'admin', NOW()),
(247, 126, 43, '花卷', 1.50, 1, 'admin', NOW()),
(248, 126, 51, '拍黄瓜', 5.00, 2, 'admin', NOW()),
(249, 127, 56, '豆腐脑', 3.00, 2, 'admin', NOW()),
(250, 128, 47, '肉包子', 2.50, 1, 'admin', NOW()),
(251, 129, 31, '蒜蓉西兰花', 9.00, 2, 'admin', NOW()),
(252, 130, 6, '地三鲜', 9.00, 2, 'admin', NOW()),
(253, 130, 55, '小米粥', 2.00, 2, 'admin', NOW()),
(254, 130, 22, '土豆烧牛肉', 17.00, 2, 'admin', NOW()),
(255, 131, 41, '米饭', 1.50, 2, 'admin', NOW()),
(256, 132, 49, '凉拌黄瓜', 5.00, 1, 'admin', NOW()),
(257, 133, 3, '宫保鸡丁', 13.00, 2, 'admin', NOW()),
(258, 134, 10, '酸菜白肉', 14.00, 2, 'admin', NOW()),
(259, 134, 16, '煮馍', 13.00, 1, 'admin', NOW()),
(260, 135, 44, '蛋炒饭', 8.00, 1, 'admin', NOW()),
(261, 135, 16, '煮馍', 13.00, 1, 'admin', NOW()),
(262, 135, 32, '干锅花菜', 10.00, 2, 'admin', NOW()),
(263, 136, 1, '红烧肉', 15.00, 2, 'admin', NOW()),
(264, 136, 52, '凉拌豆腐丝', 6.00, 1, 'admin', NOW()),
(265, 136, 30, '手撕包菜', 8.00, 1, 'admin', NOW()),
(266, 137, 28, '西红柿炒鸡蛋', 8.00, 2, 'admin', NOW()),
(267, 137, 45, '炒饼丝', 8.00, 2, 'admin', NOW()),
(268, 137, 17, '油泼面', 10.00, 1, 'admin', NOW()),
(269, 138, 25, '尖椒炒肉', 13.00, 2, 'admin', NOW()),
(270, 139, 54, '牛奶', 3.00, 2, 'admin', NOW()),
(271, 140, 48, '油条', 1.50, 2, 'admin', NOW()),
(272, 140, 32, '干锅花菜', 10.00, 1, 'admin', NOW()),
(273, 140, 54, '牛奶', 3.00, 2, 'admin', NOW()),
(274, 141, 49, '凉拌黄瓜', 5.00, 1, 'admin', NOW()),
(275, 141, 47, '肉包子', 2.50, 1, 'admin', NOW()),
(276, 141, 50, '凉拌木耳', 6.00, 1, 'admin', NOW()),
(277, 142, 24, '辣子鸡丁', 14.00, 1, 'admin', NOW()),
(278, 142, 47, '肉包子', 2.50, 2, 'admin', NOW()),
(279, 142, 9, '锅包肉', 18.00, 2, 'admin', NOW()),
(280, 143, 51, '拍黄瓜', 5.00, 2, 'admin', NOW()),
(281, 144, 17, '油泼面', 10.00, 2, 'admin', NOW()),
(282, 145, 30, '手撕包菜', 8.00, 1, 'admin', NOW()),
(283, 146, 24, '辣子鸡丁', 14.00, 2, 'admin', NOW()),
(284, 146, 6, '地三鲜', 9.00, 1, 'admin', NOW()),
(285, 146, 51, '拍黄瓜', 5.00, 2, 'admin', NOW()),
(286, 147, 48, '油条', 1.50, 2, 'admin', NOW()),
(287, 147, 44, '蛋炒饭', 8.00, 2, 'admin', NOW()),
(288, 147, 17, '油泼面', 10.00, 1, 'admin', NOW()),
(289, 148, 36, '紫菜蛋花汤', 3.00, 1, 'admin', NOW()),
(290, 148, 21, '木须肉', 13.00, 1, 'admin', NOW()),
(291, 148, 40, '玉米排骨汤', 7.00, 2, 'admin', NOW()),
(292, 149, 9, '锅包肉', 18.00, 1, 'admin', NOW()),
(293, 150, 16, '煮馍', 13.00, 1, 'admin', NOW()),
(294, 151, 38, '西红柿鸡蛋汤', 3.00, 1, 'admin', NOW()),
(295, 151, 48, '油条', 1.50, 2, 'admin', NOW()),
(296, 152, 27, '黑椒牛柳', 19.00, 2, 'admin', NOW()),
(297, 152, 18, '猫耳朵', 12.00, 1, 'admin', NOW()),
(298, 152, 3, '宫保鸡丁', 13.00, 2, 'admin', NOW()),
(299, 153, 44, '蛋炒饭', 8.00, 2, 'admin', NOW()),
(300, 154, 26, '孜然羊肉', 18.00, 2, 'admin', NOW()),
(301, 155, 43, '花卷', 1.50, 1, 'admin', NOW()),
(302, 156, 51, '拍黄瓜', 5.00, 2, 'admin', NOW()),
(303, 157, 54, '牛奶', 3.00, 1, 'admin', NOW()),
(304, 158, 50, '凉拌木耳', 6.00, 1, 'admin', NOW()),
(305, 158, 10, '酸菜白肉', 14.00, 2, 'admin', NOW()),
(306, 159, 43, '花卷', 1.50, 1, 'admin', NOW()),
(307, 160, 21, '木须肉', 13.00, 2, 'admin', NOW()),
(308, 160, 2, '鱼香肉丝', 12.00, 1, 'admin', NOW()),
(309, 160, 12, '山西烩菜', 13.00, 1, 'admin', NOW()),
(310, 161, 5, '糖醋里脊', 14.00, 2, 'admin', NOW()),
(311, 161, 31, '蒜蓉西兰花', 9.00, 1, 'admin', NOW()),
(312, 161, 29, '醋溜土豆丝', 7.00, 2, 'admin', NOW()),
(313, 162, 51, '拍黄瓜', 5.00, 2, 'admin', NOW()),
(314, 162, 56, '豆腐脑', 3.00, 2, 'admin', NOW()),
(315, 162, 43, '花卷', 1.50, 1, 'admin', NOW()),
(316, 163, 44, '蛋炒饭', 8.00, 2, 'admin', NOW()),
(317, 163, 7, '小鸡炖蘑菇', 16.00, 2, 'admin', NOW()),
(318, 164, 10, '酸菜白肉', 14.00, 2, 'admin', NOW()),
(319, 164, 5, '糖醋里脊', 14.00, 2, 'admin', NOW()),
(320, 164, 9, '锅包肉', 18.00, 2, 'admin', NOW()),
(321, 165, 39, '酸辣汤', 4.00, 1, 'admin', NOW()),
(322, 165, 28, '西红柿炒鸡蛋', 8.00, 1, 'admin', NOW()),
(323, 165, 7, '小鸡炖蘑菇', 16.00, 2, 'admin', NOW()),
(324, 166, 53, '豆浆', 2.00, 2, 'admin', NOW()),
(325, 166, 30, '手撕包菜', 8.00, 2, 'admin', NOW()),
(326, 167, 43, '花卷', 1.50, 2, 'admin', NOW()),
(327, 167, 17, '油泼面', 10.00, 1, 'admin', NOW()),
(328, 168, 54, '牛奶', 3.00, 1, 'admin', NOW()),
(329, 169, 36, '紫菜蛋花汤', 3.00, 1, 'admin', NOW()),
(330, 170, 8, '溜肉段', 15.00, 2, 'admin', NOW()),
(331, 170, 27, '黑椒牛柳', 19.00, 1, 'admin', NOW()),
(332, 170, 23, '黄焖鸡', 16.00, 2, 'admin', NOW()),
(333, 171, 33, '清炒时蔬', 6.00, 2, 'admin', NOW()),
(334, 171, 14, '打卤面', 11.00, 1, 'admin', NOW()),
(335, 171, 10, '酸菜白肉', 14.00, 1, 'admin', NOW()),
(336, 172, 49, '凉拌黄瓜', 5.00, 2, 'admin', NOW()),
(337, 173, 50, '凉拌木耳', 6.00, 1, 'admin', NOW()),
(338, 173, 53, '豆浆', 2.00, 2, 'admin', NOW()),
(339, 173, 40, '玉米排骨汤', 7.00, 1, 'admin', NOW()),
(340, 174, 23, '黄焖鸡', 16.00, 1, 'admin', NOW()),
(341, 174, 1, '红烧肉', 15.00, 1, 'admin', NOW()),
(342, 175, 48, '油条', 1.50, 1, 'admin', NOW()),
(343, 176, 27, '黑椒牛柳', 19.00, 2, 'admin', NOW()),
(344, 176, 30, '手撕包菜', 8.00, 1, 'admin', NOW()),
(345, 177, 39, '酸辣汤', 4.00, 1, 'admin', NOW()),
(346, 177, 6, '地三鲜', 9.00, 1, 'admin', NOW()),
(347, 177, 4, '麻婆豆腐', 10.00, 1, 'admin', NOW()),
(348, 178, 28, '西红柿炒鸡蛋', 8.00, 2, 'admin', NOW()),
(349, 178, 32, '干锅花菜', 10.00, 2, 'admin', NOW()),
(350, 178, 39, '酸辣汤', 4.00, 2, 'admin', NOW()),
(351, 179, 28, '西红柿炒鸡蛋', 8.00, 2, 'admin', NOW()),
(352, 179, 8, '溜肉段', 15.00, 2, 'admin', NOW()),
(353, 180, 26, '孜然羊肉', 18.00, 1, 'admin', NOW()),
(354, 181, 49, '凉拌黄瓜', 5.00, 2, 'admin', NOW()),
(355, 182, 48, '油条', 1.50, 1, 'admin', NOW()),
(356, 182, 28, '西红柿炒鸡蛋', 8.00, 1, 'admin', NOW()),
(357, 183, 36, '紫菜蛋花汤', 3.00, 2, 'admin', NOW()),
(358, 183, 54, '牛奶', 3.00, 1, 'admin', NOW()),
(359, 183, 43, '花卷', 1.50, 2, 'admin', NOW()),
(360, 184, 5, '糖醋里脊', 14.00, 2, 'admin', NOW()),
(361, 184, 56, '豆腐脑', 3.00, 2, 'admin', NOW()),
(362, 185, 8, '溜肉段', 15.00, 1, 'admin', NOW()),
(363, 185, 26, '孜然羊肉', 18.00, 2, 'admin', NOW()),
(364, 186, 28, '西红柿炒鸡蛋', 8.00, 1, 'admin', NOW()),
(365, 187, 6, '地三鲜', 9.00, 2, 'admin', NOW()),
(366, 187, 26, '孜然羊肉', 18.00, 2, 'admin', NOW()),
(367, 187, 56, '豆腐脑', 3.00, 1, 'admin', NOW()),
(368, 188, 41, '米饭', 1.50, 1, 'admin', NOW()),
(369, 188, 8, '溜肉段', 15.00, 2, 'admin', NOW()),
(370, 188, 34, '干煸豆角', 10.00, 2, 'admin', NOW()),
(371, 189, 7, '小鸡炖蘑菇', 16.00, 1, 'admin', NOW()),
(372, 190, 5, '糖醋里脊', 14.00, 2, 'admin', NOW()),
(373, 190, 12, '山西烩菜', 13.00, 2, 'admin', NOW()),
(374, 190, 50, '凉拌木耳', 6.00, 2, 'admin', NOW()),
(375, 191, 21, '木须肉', 13.00, 1, 'admin', NOW()),
(376, 191, 10, '酸菜白肉', 14.00, 2, 'admin', NOW()),
(377, 191, 29, '醋溜土豆丝', 7.00, 2, 'admin', NOW()),
(378, 192, 4, '麻婆豆腐', 10.00, 1, 'admin', NOW()),
(379, 192, 23, '黄焖鸡', 16.00, 2, 'admin', NOW()),
(380, 192, 33, '清炒时蔬', 6.00, 2, 'admin', NOW()),
(381, 193, 5, '糖醋里脊', 14.00, 1, 'admin', NOW()),
(382, 193, 42, '馒头', 1.00, 2, 'admin', NOW()),
(383, 194, 52, '凉拌豆腐丝', 6.00, 1, 'admin', NOW()),
(384, 194, 37, '冬瓜排骨汤', 6.00, 2, 'admin', NOW()),
(385, 195, 29, '醋溜土豆丝', 7.00, 1, 'admin', NOW()),
(386, 196, 12, '山西烩菜', 13.00, 2, 'admin', NOW()),
(387, 196, 3, '宫保鸡丁', 13.00, 2, 'admin', NOW()),
(388, 196, 16, '煮馍', 13.00, 1, 'admin', NOW()),
(389, 197, 27, '黑椒牛柳', 19.00, 2, 'admin', NOW()),
(390, 197, 50, '凉拌木耳', 6.00, 1, 'admin', NOW()),
(391, 198, 7, '小鸡炖蘑菇', 16.00, 2, 'admin', NOW()),
(392, 198, 36, '紫菜蛋花汤', 3.00, 2, 'admin', NOW()),
(393, 199, 6, '地三鲜', 9.00, 1, 'admin', NOW()),
(394, 199, 38, '西红柿鸡蛋汤', 3.00, 2, 'admin', NOW()),
(395, 200, 39, '酸辣汤', 4.00, 1, 'admin', NOW()),
(396, 201, 43, '花卷', 1.50, 1, 'admin', NOW()),
(397, 202, 2, '鱼香肉丝', 12.00, 2, 'admin', NOW()),
(398, 202, 24, '辣子鸡丁', 14.00, 1, 'admin', NOW()),
(399, 203, 15, '焖面', 12.00, 1, 'admin', NOW()),
(400, 204, 50, '凉拌木耳', 6.00, 1, 'admin', NOW()),
(401, 204, 35, '家常豆腐', 9.00, 2, 'admin', NOW()),
(402, 204, 54, '牛奶', 3.00, 1, 'admin', NOW()),
(403, 205, 54, '牛奶', 3.00, 1, 'admin', NOW()),
(404, 206, 44, '蛋炒饭', 8.00, 1, 'admin', NOW()),
(405, 206, 47, '肉包子', 2.50, 2, 'admin', NOW()),
(406, 207, 35, '家常豆腐', 9.00, 1, 'admin', NOW()),
(407, 208, 24, '辣子鸡丁', 14.00, 2, 'admin', NOW()),
(408, 209, 34, '干煸豆角', 10.00, 1, 'admin', NOW()),
(409, 209, 27, '黑椒牛柳', 19.00, 1, 'admin', NOW()),
(410, 209, 11, '过油肉', 16.00, 2, 'admin', NOW()),
(411, 210, 7, '小鸡炖蘑菇', 16.00, 1, 'admin', NOW()),
(412, 210, 46, '水饺', 12.00, 2, 'admin', NOW()),
(413, 210, 55, '小米粥', 2.00, 1, 'admin', NOW()),
(414, 211, 54, '牛奶', 3.00, 2, 'admin', NOW()),
(415, 212, 2, '鱼香肉丝', 12.00, 1, 'admin', NOW()),
(416, 212, 27, '黑椒牛柳', 19.00, 2, 'admin', NOW());

COMMIT;

-- 订单总数: 212, 订单明细总数: 416