-- ----------------------------
-- 1гҖҒйғЁй—ЁиЎЁ
-- ----------------------------
drop table if exists sys_dept;
create table sys_dept (
  dept_id           bigint(20)      not null auto_increment    comment 'йғЁй—Ёid',
  parent_id         bigint(20)      default 0                  comment 'зҲ¶йғЁй—Ёid',
  ancestors         varchar(50)     default ''                 comment 'зҘ–зә§еҲ—иЎЁ',
  dept_name         varchar(30)     default ''                 comment 'йғЁй—ЁеҗҚз§°',
  order_num         int(4)          default 0                  comment 'жҳҫзӨәйЎәеәҸ',
  leader            varchar(20)     default null               comment 'иҙҹиҙЈдәә',
  phone             varchar(11)     default null               comment 'иҒ”зі»з”өиҜқ',
  email             varchar(50)     default null               comment 'йӮ®з®ұ',
  status            char(1)         default '0'                comment 'йғЁй—ЁзҠ¶жҖҒпјҲ0жӯЈеёё 1еҒңз”Ёпјү',
  del_flag          char(1)         default '0'                comment 'еҲ йҷӨж Үеҝ—пјҲ0д»ЈиЎЁеӯҳеңЁ 2д»ЈиЎЁеҲ йҷӨпјү',
  create_by         varchar(64)     default ''                 comment 'еҲӣе»әиҖ…',
  create_time 	    datetime                                   comment 'еҲӣе»әж—¶й—ҙ',
  update_by         varchar(64)     default ''                 comment 'жӣҙж–°иҖ…',
  update_time       datetime                                   comment 'жӣҙж–°ж—¶й—ҙ',
  primary key (dept_id)
) engine=innodb auto_increment=200 comment = 'йғЁй—ЁиЎЁ';

-- ----------------------------
-- еҲқе§ӢеҢ–-йғЁй—ЁиЎЁж•°жҚ®
-- ----------------------------
insert into sys_dept values(100,  0,   '0',          'ж–ҮзҖӣйӨҗеҺ…',   0, 'з®ЎзҗҶе‘ҳ', '15888888888', 'admin@wenying.local', '0', '0', 'admin', sysdate(), '', null);
insert into sys_dept values(101,  100, '0,100',      'йӨҗеҺ…иҝҗиҗҘйғЁ', 1, 'з»ҸзҗҶ', '15888888888', 'manager@wenying.local', '0', '0', 'admin', sysdate(), '', null);
insert into sys_dept values(102,  100, '0,100',      'еҗҺеӢӨдҝқйҡңйғЁ', 2, 'еә“з®Ўе‘ҳ', '15888888888', 'stock@wenying.local', '0', '0', 'admin', sysdate(), '', null);
insert into sys_dept values(103,  101, '0,100,101',  'иҸңе“Ғз®ЎзҗҶз»„', 1, 'з»ҸзҗҶ', '15888888888', 'dish@wenying.local', '0', '0', 'admin', sysdate(), '', null);
insert into sys_dept values(104,  101, '0,100,101',  'и®ўеҚ•з®ЎзҗҶз»„', 2, 'з»ҸзҗҶ', '15888888888', 'order@wenying.local', '0', '0', 'admin', sysdate(), '', null);
insert into sys_dept values(105,  101, '0,100,101',  'з»ҸиҗҘеҲҶжһҗз»„', 3, 'з»ҸзҗҶ', '15888888888', 'stats@wenying.local', '0', '0', 'admin', sysdate(), '', null);
insert into sys_dept values(106,  101, '0,100,101',  'иҙўеҠЎж ёз®—з»„', 4, 'з»ҸзҗҶ', '15888888888', 'finance@wenying.local', '0', '0', 'admin', sysdate(), '', null);
insert into sys_dept values(107,  101, '0,100,101',  'зі»з»ҹиҝҗз»ҙз»„', 5, 'з®ЎзҗҶе‘ҳ', '15888888888', 'ops@wenying.local', '0', '0', 'admin', sysdate(), '', null);
insert into sys_dept values(108,  102, '0,100,102',  'йЈҹжқҗз®ЎзҗҶз»„', 1, 'еә“з®Ўе‘ҳ', '15888888888', 'ingredient@wenying.local', '0', '0', 'admin', sysdate(), '', null);
insert into sys_dept values(109,  102, '0,100,102',  'е…Ҙеә“з®ЎзҗҶз»„', 2, 'еә“з®Ўе‘ҳ', '15888888888', 'stockin@wenying.local', '0', '0', 'admin', sysdate(), '', null);


-- ----------------------------
-- 2гҖҒз”ЁжҲ·дҝЎжҒҜиЎЁ
-- ----------------------------
drop table if exists sys_user;
create table sys_user (
  user_id           bigint(20)      not null auto_increment    comment 'з”ЁжҲ·ID',
  dept_id           bigint(20)      default null               comment 'йғЁй—ЁID',
  user_name         varchar(30)     not null                   comment 'з”ЁжҲ·иҙҰеҸ·',
  nick_name         varchar(30)     not null                   comment 'з”ЁжҲ·жҳөз§°',
  user_type         varchar(2)      default '00'               comment 'з”ЁжҲ·зұ»еһӢпјҲ00зі»з»ҹз”ЁжҲ·пјү',
  email             varchar(50)     default ''                 comment 'з”ЁжҲ·йӮ®з®ұ',
  phonenumber       varchar(11)     default ''                 comment 'жүӢжңәеҸ·з Ғ',
  sex               char(1)         default '0'                comment 'з”ЁжҲ·жҖ§еҲ«пјҲ0з”· 1еҘі 2жңӘзҹҘпјү',
  avatar            varchar(100)    default ''                 comment 'еӨҙеғҸең°еқҖ',
  password          varchar(100)    default ''                 comment 'еҜҶз Ғ',
  status            char(1)         default '0'                comment 'иҙҰеҸ·зҠ¶жҖҒпјҲ0жӯЈеёё 1еҒңз”Ёпјү',
  del_flag          char(1)         default '0'                comment 'еҲ йҷӨж Үеҝ—пјҲ0д»ЈиЎЁеӯҳеңЁ 2д»ЈиЎЁеҲ йҷӨпјү',
  login_ip          varchar(128)    default ''                 comment 'жңҖеҗҺзҷ»еҪ•IP',
  login_date        datetime                                   comment 'жңҖеҗҺзҷ»еҪ•ж—¶й—ҙ',
  pwd_update_date   datetime                                   comment 'еҜҶз ҒжңҖеҗҺжӣҙж–°ж—¶й—ҙ',
  create_by         varchar(64)     default ''                 comment 'еҲӣе»әиҖ…',
  create_time       datetime                                   comment 'еҲӣе»әж—¶й—ҙ',
  update_by         varchar(64)     default ''                 comment 'жӣҙж–°иҖ…',
  update_time       datetime                                   comment 'жӣҙж–°ж—¶й—ҙ',
  remark            varchar(500)    default null               comment 'еӨҮжіЁ',
  primary key (user_id)
) engine=innodb auto_increment=100 comment = 'з”ЁжҲ·дҝЎжҒҜиЎЁ';

-- ----------------------------
-- еҲқе§ӢеҢ–-з”ЁжҲ·дҝЎжҒҜиЎЁж•°жҚ®
-- ----------------------------
insert into sys_user values(1,  103, 'admin', 'зі»з»ҹз®ЎзҗҶе‘ҳ', '00', 'admin@wenying.local', '15888888888', '1', '', '$2a$10$7JB720yubVSZvUI0rEqK/.VqGOZTH.ulu33dHOiBE8ByOhJIrdAu2', '0', '0', '127.0.0.1', sysdate(), sysdate(), 'admin', sysdate(), '', null, 'з®ЎзҗҶе‘ҳ');
insert into sys_user values(2,  105, 'ry',    'жј”зӨәз”ЁжҲ·', '00', 'demo@wenying.local',  '15666666666', '1', '', '$2a$10$7JB720yubVSZvUI0rEqK/.VqGOZTH.ulu33dHOiBE8ByOhJIrdAu2', '0', '0', '127.0.0.1', sysdate(), sysdate(), 'admin', sysdate(), '', null, 'жөӢиҜ•е‘ҳ');


-- ----------------------------
-- 3гҖҒеІ—дҪҚдҝЎжҒҜиЎЁ
-- ----------------------------
drop table if exists sys_post;
create table sys_post
(
  post_id       bigint(20)      not null auto_increment    comment 'еІ—дҪҚID',
  post_code     varchar(64)     not null                   comment 'еІ—дҪҚзј–з Ғ',
  post_name     varchar(50)     not null                   comment 'еІ—дҪҚеҗҚз§°',
  post_sort     int(4)          not null                   comment 'жҳҫзӨәйЎәеәҸ',
  status        char(1)         not null                   comment 'зҠ¶жҖҒпјҲ0жӯЈеёё 1еҒңз”Ёпјү',
  create_by     varchar(64)     default ''                 comment 'еҲӣе»әиҖ…',
  create_time   datetime                                   comment 'еҲӣе»әж—¶й—ҙ',
  update_by     varchar(64)     default ''			       comment 'жӣҙж–°иҖ…',
  update_time   datetime                                   comment 'жӣҙж–°ж—¶й—ҙ',
  remark        varchar(500)    default null               comment 'еӨҮжіЁ',
  primary key (post_id)
) engine=innodb comment = 'еІ—дҪҚдҝЎжҒҜиЎЁ';

-- ----------------------------
-- еҲқе§ӢеҢ–-еІ—дҪҚдҝЎжҒҜиЎЁж•°жҚ®
-- ----------------------------
insert into sys_post values(1, 'ceo',  'и‘ЈдәӢй•ҝ',    1, '0', 'admin', sysdate(), '', null, '');
insert into sys_post values(2, 'se',   'йЎ№зӣ®з»ҸзҗҶ',  2, '0', 'admin', sysdate(), '', null, '');
insert into sys_post values(3, 'hr',   'дәәеҠӣиө„жәҗ',  3, '0', 'admin', sysdate(), '', null, '');
insert into sys_post values(4, 'user', 'жҷ®йҖҡе‘ҳе·Ҙ',  4, '0', 'admin', sysdate(), '', null, '');


-- ----------------------------
-- 4гҖҒи§’иүІдҝЎжҒҜиЎЁ
-- ----------------------------
drop table if exists sys_role;
create table sys_role (
  role_id              bigint(20)      not null auto_increment    comment 'и§’иүІID',
  role_name            varchar(30)     not null                   comment 'и§’иүІеҗҚз§°',
  role_key             varchar(100)    not null                   comment 'и§’иүІжқғйҷҗеӯ—з¬ҰдёІ',
  role_sort            int(4)          not null                   comment 'жҳҫзӨәйЎәеәҸ',
  data_scope           char(1)         default '1'                comment 'ж•°жҚ®иҢғеӣҙпјҲ1пјҡе…ЁйғЁж•°жҚ®жқғйҷҗ 2пјҡиҮӘе®ҡж•°жҚ®жқғйҷҗ 3пјҡжң¬йғЁй—Ёж•°жҚ®жқғйҷҗ 4пјҡжң¬йғЁй—ЁеҸҠд»ҘдёӢж•°жҚ®жқғйҷҗпјү',
  menu_check_strictly  tinyint(1)      default 1                  comment 'иҸңеҚ•ж ‘йҖүжӢ©йЎ№жҳҜеҗҰе…іиҒ”жҳҫзӨә',
  dept_check_strictly  tinyint(1)      default 1                  comment 'йғЁй—Ёж ‘йҖүжӢ©йЎ№жҳҜеҗҰе…іиҒ”жҳҫзӨә',
  status               char(1)         not null                   comment 'и§’иүІзҠ¶жҖҒпјҲ0жӯЈеёё 1еҒңз”Ёпјү',
  del_flag             char(1)         default '0'                comment 'еҲ йҷӨж Үеҝ—пјҲ0д»ЈиЎЁеӯҳеңЁ 2д»ЈиЎЁеҲ йҷӨпјү',
  create_by            varchar(64)     default ''                 comment 'еҲӣе»әиҖ…',
  create_time          datetime                                   comment 'еҲӣе»әж—¶й—ҙ',
  update_by            varchar(64)     default ''                 comment 'жӣҙж–°иҖ…',
  update_time          datetime                                   comment 'жӣҙж–°ж—¶й—ҙ',
  remark               varchar(500)    default null               comment 'еӨҮжіЁ',
  primary key (role_id)
) engine=innodb auto_increment=100 comment = 'и§’иүІдҝЎжҒҜиЎЁ';

-- ----------------------------
-- еҲқе§ӢеҢ–-и§’иүІдҝЎжҒҜиЎЁж•°жҚ®
-- ----------------------------
insert into sys_role values('1', 'и¶…зә§з®ЎзҗҶе‘ҳ',  'admin',  1, 1, 1, 1, '0', '0', 'admin', sysdate(), '', null, 'и¶…зә§з®ЎзҗҶе‘ҳ');
insert into sys_role values('2', 'жҷ®йҖҡи§’иүІ',    'common', 2, 2, 1, 1, '0', '0', 'admin', sysdate(), '', null, 'жҷ®йҖҡи§’иүІ');


-- ----------------------------
-- 5гҖҒиҸңеҚ•жқғйҷҗиЎЁ
-- ----------------------------
drop table if exists sys_menu;
create table sys_menu (
  menu_id           bigint(20)      not null auto_increment    comment 'иҸңеҚ•ID',
  menu_name         varchar(50)     not null                   comment 'иҸңеҚ•еҗҚз§°',
  parent_id         bigint(20)      default 0                  comment 'зҲ¶иҸңеҚ•ID',
  order_num         int(4)          default 0                  comment 'жҳҫзӨәйЎәеәҸ',
  path              varchar(200)    default ''                 comment 'и·Ҝз”ұең°еқҖ',
  component         varchar(255)    default null               comment 'з»„д»¶и·Ҝеҫ„',
  query             varchar(255)    default null               comment 'и·Ҝз”ұеҸӮж•°',
  route_name        varchar(50)     default ''                 comment 'и·Ҝз”ұеҗҚз§°',
  is_frame          int(1)          default 1                  comment 'жҳҜеҗҰдёәеӨ–й“ҫпјҲ0жҳҜ 1еҗҰпјү',
  is_cache          int(1)          default 0                  comment 'жҳҜеҗҰзј“еӯҳпјҲ0зј“еӯҳ 1дёҚзј“еӯҳпјү',
  menu_type         char(1)         default ''                 comment 'иҸңеҚ•зұ»еһӢпјҲMзӣ®еҪ• CиҸңеҚ• FжҢүй’®пјү',
  visible           char(1)         default 0                  comment 'иҸңеҚ•зҠ¶жҖҒпјҲ0жҳҫзӨә 1йҡҗи—Ҹпјү',
  status            char(1)         default 0                  comment 'иҸңеҚ•зҠ¶жҖҒпјҲ0жӯЈеёё 1еҒңз”Ёпјү',
  perms             varchar(100)    default null               comment 'жқғйҷҗж ҮиҜҶ',
  icon              varchar(100)    default '#'                comment 'иҸңеҚ•еӣҫж Ү',
  create_by         varchar(64)     default ''                 comment 'еҲӣе»әиҖ…',
  create_time       datetime                                   comment 'еҲӣе»әж—¶й—ҙ',
  update_by         varchar(64)     default ''                 comment 'жӣҙж–°иҖ…',
  update_time       datetime                                   comment 'жӣҙж–°ж—¶й—ҙ',
  remark            varchar(500)    default ''                 comment 'еӨҮжіЁ',
  primary key (menu_id)
) engine=innodb auto_increment=2000 comment = 'иҸңеҚ•жқғйҷҗиЎЁ';

-- ----------------------------
-- еҲқе§ӢеҢ–-иҸңеҚ•дҝЎжҒҜиЎЁж•°жҚ®
-- ----------------------------
-- дёҖзә§иҸңеҚ•
insert into sys_menu values('1', 'зі»з»ҹз®ЎзҗҶ', '0', '1', 'system',           null, '', '', 1, 0, 'M', '0', '0', '', 'system',   'admin', sysdate(), '', null, 'зі»з»ҹз®ЎзҗҶзӣ®еҪ•');
insert into sys_menu values('2', 'зі»з»ҹзӣ‘жҺ§', '0', '2', 'monitor',          null, '', '', 1, 0, 'M', '0', '0', '', 'monitor',  'admin', sysdate(), '', null, 'зі»з»ҹзӣ‘жҺ§зӣ®еҪ•');
insert into sys_menu values('3', 'зі»з»ҹе·Ҙе…·', '0', '3', 'tool',             null, '', '', 1, 0, 'M', '0', '0', '', 'tool',     'admin', sysdate(), '', null, 'зі»з»ҹе·Ҙе…·зӣ®еҪ•');
-- дәҢзә§иҸңеҚ•
insert into sys_menu values('100',  'з”ЁжҲ·з®ЎзҗҶ', '1',   '1', 'user',       'system/user/index',        '', '', 1, 0, 'C', '0', '0', 'system:user:list',        'user',          'admin', sysdate(), '', null, 'з”ЁжҲ·з®ЎзҗҶиҸңеҚ•');
insert into sys_menu values('101',  'и§’иүІз®ЎзҗҶ', '1',   '2', 'role',       'system/role/index',        '', '', 1, 0, 'C', '0', '0', 'system:role:list',        'peoples',       'admin', sysdate(), '', null, 'и§’иүІз®ЎзҗҶиҸңеҚ•');
insert into sys_menu values('102',  'иҸңеҚ•з®ЎзҗҶ', '1',   '3', 'menu',       'system/menu/index',        '', '', 1, 0, 'C', '0', '0', 'system:menu:list',        'tree-table',    'admin', sysdate(), '', null, 'иҸңеҚ•з®ЎзҗҶиҸңеҚ•');
insert into sys_menu values('103',  'йғЁй—Ёз®ЎзҗҶ', '1',   '4', 'dept',       'system/dept/index',        '', '', 1, 0, 'C', '0', '0', 'system:dept:list',        'tree',          'admin', sysdate(), '', null, 'йғЁй—Ёз®ЎзҗҶиҸңеҚ•');
insert into sys_menu values('104',  'еІ—дҪҚз®ЎзҗҶ', '1',   '5', 'post',       'system/post/index',        '', '', 1, 0, 'C', '0', '0', 'system:post:list',        'post',          'admin', sysdate(), '', null, 'еІ—дҪҚз®ЎзҗҶиҸңеҚ•');
insert into sys_menu values('105',  'еӯ—е…ёз®ЎзҗҶ', '1',   '6', 'dict',       'system/dict/index',        '', '', 1, 0, 'C', '0', '0', 'system:dict:list',        'dict',          'admin', sysdate(), '', null, 'еӯ—е…ёз®ЎзҗҶиҸңеҚ•');
insert into sys_menu values('106',  'еҸӮж•°и®ҫзҪ®', '1',   '7', 'config',     'system/config/index',      '', '', 1, 0, 'C', '0', '0', 'system:config:list',      'edit',          'admin', sysdate(), '', null, 'еҸӮж•°и®ҫзҪ®иҸңеҚ•');
insert into sys_menu values('107',  'йҖҡзҹҘе…¬е‘Ҡ', '1',   '8', 'notice',     'system/notice/index',      '', '', 1, 0, 'C', '0', '0', 'system:notice:list',      'message',       'admin', sysdate(), '', null, 'йҖҡзҹҘе…¬е‘ҠиҸңеҚ•');
insert into sys_menu values('108',  'ж—Ҙеҝ—з®ЎзҗҶ', '1',   '9', 'log',        '',                         '', '', 1, 0, 'M', '0', '0', '',                        'log',           'admin', sysdate(), '', null, 'ж—Ҙеҝ—з®ЎзҗҶиҸңеҚ•');
insert into sys_menu values('109',  'еңЁзәҝз”ЁжҲ·', '2',   '1', 'online',     'monitor/online/index',     '', '', 1, 0, 'C', '0', '0', 'monitor:online:list',     'online',        'admin', sysdate(), '', null, 'еңЁзәҝз”ЁжҲ·иҸңеҚ•');
insert into sys_menu values('110',  'е®ҡж—¶д»»еҠЎ', '2',   '2', 'job',        'monitor/job/index',        '', '', 1, 0, 'C', '0', '0', 'monitor:job:list',        'job',           'admin', sysdate(), '', null, 'е®ҡж—¶д»»еҠЎиҸңеҚ•');
insert into sys_menu values('111',  'ж•°жҚ®зӣ‘жҺ§', '2',   '3', 'druid',      'monitor/druid/index',      '', '', 1, 0, 'C', '0', '0', 'monitor:druid:list',      'druid',         'admin', sysdate(), '', null, 'ж•°жҚ®зӣ‘жҺ§иҸңеҚ•');
insert into sys_menu values('112',  'жңҚеҠЎзӣ‘жҺ§', '2',   '4', 'server',     'monitor/server/index',     '', '', 1, 0, 'C', '0', '0', 'monitor:server:list',     'server',        'admin', sysdate(), '', null, 'жңҚеҠЎзӣ‘жҺ§иҸңеҚ•');
insert into sys_menu values('113',  'зј“еӯҳзӣ‘жҺ§', '2',   '5', 'cache',      'monitor/cache/index',      '', '', 1, 0, 'C', '0', '0', 'monitor:cache:list',      'redis',         'admin', sysdate(), '', null, 'зј“еӯҳзӣ‘жҺ§иҸңеҚ•');
insert into sys_menu values('114',  'зј“еӯҳеҲ—иЎЁ', '2',   '6', 'cacheList',  'monitor/cache/list',       '', '', 1, 0, 'C', '0', '0', 'monitor:cache:list',      'redis-list',    'admin', sysdate(), '', null, 'зј“еӯҳеҲ—иЎЁиҸңеҚ•');
insert into sys_menu values('115',  'иЎЁеҚ•жһ„е»ә', '3',   '1', 'build',      'tool/build/index',         '', '', 1, 0, 'C', '0', '0', 'tool:build:list',         'build',         'admin', sysdate(), '', null, 'иЎЁеҚ•жһ„е»әиҸңеҚ•');
insert into sys_menu values('116',  'д»Јз Ғз”ҹжҲҗ', '3',   '2', 'gen',        'tool/gen/index',           '', '', 1, 0, 'C', '0', '0', 'tool:gen:list',           'code',          'admin', sysdate(), '', null, 'д»Јз Ғз”ҹжҲҗиҸңеҚ•');
insert into sys_menu values('117',  'зі»з»ҹжҺҘеҸЈ', '3',   '3', 'swagger',    'tool/swagger/index',       '', '', 1, 0, 'C', '0', '0', 'tool:swagger:list',       'swagger',       'admin', sysdate(), '', null, 'зі»з»ҹжҺҘеҸЈиҸңеҚ•');
-- дёүзә§иҸңеҚ•
insert into sys_menu values('500',  'ж“ҚдҪңж—Ҙеҝ—', '108', '1', 'operlog',    'monitor/operlog/index',    '', '', 1, 0, 'C', '0', '0', 'monitor:operlog:list',    'form',          'admin', sysdate(), '', null, 'ж“ҚдҪңж—Ҙеҝ—иҸңеҚ•');
insert into sys_menu values('501',  'зҷ»еҪ•ж—Ҙеҝ—', '108', '2', 'logininfor', 'monitor/logininfor/index', '', '', 1, 0, 'C', '0', '0', 'monitor:logininfor:list', 'logininfor',    'admin', sysdate(), '', null, 'зҷ»еҪ•ж—Ҙеҝ—иҸңеҚ•');
-- з”ЁжҲ·з®ЎзҗҶжҢүй’®
insert into sys_menu values('1000', 'з”ЁжҲ·жҹҘиҜў', '100', '1',  '', '', '', '', 1, 0, 'F', '0', '0', 'system:user:query',          '#', 'admin', sysdate(), '', null, '');
insert into sys_menu values('1001', 'з”ЁжҲ·ж–°еўһ', '100', '2',  '', '', '', '', 1, 0, 'F', '0', '0', 'system:user:add',            '#', 'admin', sysdate(), '', null, '');
insert into sys_menu values('1002', 'з”ЁжҲ·дҝ®ж”№', '100', '3',  '', '', '', '', 1, 0, 'F', '0', '0', 'system:user:edit',           '#', 'admin', sysdate(), '', null, '');
insert into sys_menu values('1003', 'з”ЁжҲ·еҲ йҷӨ', '100', '4',  '', '', '', '', 1, 0, 'F', '0', '0', 'system:user:remove',         '#', 'admin', sysdate(), '', null, '');
insert into sys_menu values('1004', 'з”ЁжҲ·еҜјеҮә', '100', '5',  '', '', '', '', 1, 0, 'F', '0', '0', 'system:user:export',         '#', 'admin', sysdate(), '', null, '');
insert into sys_menu values('1005', 'з”ЁжҲ·еҜје…Ҙ', '100', '6',  '', '', '', '', 1, 0, 'F', '0', '0', 'system:user:import',         '#', 'admin', sysdate(), '', null, '');
insert into sys_menu values('1006', 'йҮҚзҪ®еҜҶз Ғ', '100', '7',  '', '', '', '', 1, 0, 'F', '0', '0', 'system:user:resetPwd',       '#', 'admin', sysdate(), '', null, '');
-- и§’иүІз®ЎзҗҶжҢүй’®
insert into sys_menu values('1007', 'и§’иүІжҹҘиҜў', '101', '1',  '', '', '', '', 1, 0, 'F', '0', '0', 'system:role:query',          '#', 'admin', sysdate(), '', null, '');
insert into sys_menu values('1008', 'и§’иүІж–°еўһ', '101', '2',  '', '', '', '', 1, 0, 'F', '0', '0', 'system:role:add',            '#', 'admin', sysdate(), '', null, '');
insert into sys_menu values('1009', 'и§’иүІдҝ®ж”№', '101', '3',  '', '', '', '', 1, 0, 'F', '0', '0', 'system:role:edit',           '#', 'admin', sysdate(), '', null, '');
insert into sys_menu values('1010', 'и§’иүІеҲ йҷӨ', '101', '4',  '', '', '', '', 1, 0, 'F', '0', '0', 'system:role:remove',         '#', 'admin', sysdate(), '', null, '');
insert into sys_menu values('1011', 'и§’иүІеҜјеҮә', '101', '5',  '', '', '', '', 1, 0, 'F', '0', '0', 'system:role:export',         '#', 'admin', sysdate(), '', null, '');
-- иҸңеҚ•з®ЎзҗҶжҢүй’®
insert into sys_menu values('1012', 'иҸңеҚ•жҹҘиҜў', '102', '1',  '', '', '', '', 1, 0, 'F', '0', '0', 'system:menu:query',          '#', 'admin', sysdate(), '', null, '');
insert into sys_menu values('1013', 'иҸңеҚ•ж–°еўһ', '102', '2',  '', '', '', '', 1, 0, 'F', '0', '0', 'system:menu:add',            '#', 'admin', sysdate(), '', null, '');
insert into sys_menu values('1014', 'иҸңеҚ•дҝ®ж”№', '102', '3',  '', '', '', '', 1, 0, 'F', '0', '0', 'system:menu:edit',           '#', 'admin', sysdate(), '', null, '');
insert into sys_menu values('1015', 'иҸңеҚ•еҲ йҷӨ', '102', '4',  '', '', '', '', 1, 0, 'F', '0', '0', 'system:menu:remove',         '#', 'admin', sysdate(), '', null, '');
-- йғЁй—Ёз®ЎзҗҶжҢүй’®
insert into sys_menu values('1016', 'йғЁй—ЁжҹҘиҜў', '103', '1',  '', '', '', '', 1, 0, 'F', '0', '0', 'system:dept:query',          '#', 'admin', sysdate(), '', null, '');
insert into sys_menu values('1017', 'йғЁй—Ёж–°еўһ', '103', '2',  '', '', '', '', 1, 0, 'F', '0', '0', 'system:dept:add',            '#', 'admin', sysdate(), '', null, '');
insert into sys_menu values('1018', 'йғЁй—Ёдҝ®ж”№', '103', '3',  '', '', '', '', 1, 0, 'F', '0', '0', 'system:dept:edit',           '#', 'admin', sysdate(), '', null, '');
insert into sys_menu values('1019', 'йғЁй—ЁеҲ йҷӨ', '103', '4',  '', '', '', '', 1, 0, 'F', '0', '0', 'system:dept:remove',         '#', 'admin', sysdate(), '', null, '');
-- еІ—дҪҚз®ЎзҗҶжҢүй’®
insert into sys_menu values('1020', 'еІ—дҪҚжҹҘиҜў', '104', '1',  '', '', '', '', 1, 0, 'F', '0', '0', 'system:post:query',          '#', 'admin', sysdate(), '', null, '');
insert into sys_menu values('1021', 'еІ—дҪҚж–°еўһ', '104', '2',  '', '', '', '', 1, 0, 'F', '0', '0', 'system:post:add',            '#', 'admin', sysdate(), '', null, '');
insert into sys_menu values('1022', 'еІ—дҪҚдҝ®ж”№', '104', '3',  '', '', '', '', 1, 0, 'F', '0', '0', 'system:post:edit',           '#', 'admin', sysdate(), '', null, '');
insert into sys_menu values('1023', 'еІ—дҪҚеҲ йҷӨ', '104', '4',  '', '', '', '', 1, 0, 'F', '0', '0', 'system:post:remove',         '#', 'admin', sysdate(), '', null, '');
insert into sys_menu values('1024', 'еІ—дҪҚеҜјеҮә', '104', '5',  '', '', '', '', 1, 0, 'F', '0', '0', 'system:post:export',         '#', 'admin', sysdate(), '', null, '');
-- еӯ—е…ёз®ЎзҗҶжҢүй’®
insert into sys_menu values('1025', 'еӯ—е…ёжҹҘиҜў', '105', '1', '#', '', '', '', 1, 0, 'F', '0', '0', 'system:dict:query',          '#', 'admin', sysdate(), '', null, '');
insert into sys_menu values('1026', 'еӯ—е…ёж–°еўһ', '105', '2', '#', '', '', '', 1, 0, 'F', '0', '0', 'system:dict:add',            '#', 'admin', sysdate(), '', null, '');
insert into sys_menu values('1027', 'еӯ—е…ёдҝ®ж”№', '105', '3', '#', '', '', '', 1, 0, 'F', '0', '0', 'system:dict:edit',           '#', 'admin', sysdate(), '', null, '');
insert into sys_menu values('1028', 'еӯ—е…ёеҲ йҷӨ', '105', '4', '#', '', '', '', 1, 0, 'F', '0', '0', 'system:dict:remove',         '#', 'admin', sysdate(), '', null, '');
insert into sys_menu values('1029', 'еӯ—е…ёеҜјеҮә', '105', '5', '#', '', '', '', 1, 0, 'F', '0', '0', 'system:dict:export',         '#', 'admin', sysdate(), '', null, '');
-- еҸӮж•°и®ҫзҪ®жҢүй’®
insert into sys_menu values('1030', 'еҸӮж•°жҹҘиҜў', '106', '1', '#', '', '', '', 1, 0, 'F', '0', '0', 'system:config:query',        '#', 'admin', sysdate(), '', null, '');
insert into sys_menu values('1031', 'еҸӮж•°ж–°еўһ', '106', '2', '#', '', '', '', 1, 0, 'F', '0', '0', 'system:config:add',          '#', 'admin', sysdate(), '', null, '');
insert into sys_menu values('1032', 'еҸӮж•°дҝ®ж”№', '106', '3', '#', '', '', '', 1, 0, 'F', '0', '0', 'system:config:edit',         '#', 'admin', sysdate(), '', null, '');
insert into sys_menu values('1033', 'еҸӮж•°еҲ йҷӨ', '106', '4', '#', '', '', '', 1, 0, 'F', '0', '0', 'system:config:remove',       '#', 'admin', sysdate(), '', null, '');
insert into sys_menu values('1034', 'еҸӮж•°еҜјеҮә', '106', '5', '#', '', '', '', 1, 0, 'F', '0', '0', 'system:config:export',       '#', 'admin', sysdate(), '', null, '');
-- йҖҡзҹҘе…¬е‘ҠжҢүй’®
insert into sys_menu values('1035', 'е…¬е‘ҠжҹҘиҜў', '107', '1', '#', '', '', '', 1, 0, 'F', '0', '0', 'system:notice:query',        '#', 'admin', sysdate(), '', null, '');
insert into sys_menu values('1036', 'е…¬е‘Ҡж–°еўһ', '107', '2', '#', '', '', '', 1, 0, 'F', '0', '0', 'system:notice:add',          '#', 'admin', sysdate(), '', null, '');
insert into sys_menu values('1037', 'е…¬е‘Ҡдҝ®ж”№', '107', '3', '#', '', '', '', 1, 0, 'F', '0', '0', 'system:notice:edit',         '#', 'admin', sysdate(), '', null, '');
insert into sys_menu values('1038', 'е…¬е‘ҠеҲ йҷӨ', '107', '4', '#', '', '', '', 1, 0, 'F', '0', '0', 'system:notice:remove',       '#', 'admin', sysdate(), '', null, '');
-- ж“ҚдҪңж—Ҙеҝ—жҢүй’®
insert into sys_menu values('1039', 'ж“ҚдҪңжҹҘиҜў', '500', '1', '#', '', '', '', 1, 0, 'F', '0', '0', 'monitor:operlog:query',      '#', 'admin', sysdate(), '', null, '');
insert into sys_menu values('1040', 'ж“ҚдҪңеҲ йҷӨ', '500', '2', '#', '', '', '', 1, 0, 'F', '0', '0', 'monitor:operlog:remove',     '#', 'admin', sysdate(), '', null, '');
insert into sys_menu values('1041', 'ж—Ҙеҝ—еҜјеҮә', '500', '3', '#', '', '', '', 1, 0, 'F', '0', '0', 'monitor:operlog:export',     '#', 'admin', sysdate(), '', null, '');
-- зҷ»еҪ•ж—Ҙеҝ—жҢүй’®
insert into sys_menu values('1042', 'зҷ»еҪ•жҹҘиҜў', '501', '1', '#', '', '', '', 1, 0, 'F', '0', '0', 'monitor:logininfor:query',   '#', 'admin', sysdate(), '', null, '');
insert into sys_menu values('1043', 'зҷ»еҪ•еҲ йҷӨ', '501', '2', '#', '', '', '', 1, 0, 'F', '0', '0', 'monitor:logininfor:remove',  '#', 'admin', sysdate(), '', null, '');
insert into sys_menu values('1044', 'ж—Ҙеҝ—еҜјеҮә', '501', '3', '#', '', '', '', 1, 0, 'F', '0', '0', 'monitor:logininfor:export',  '#', 'admin', sysdate(), '', null, '');
insert into sys_menu values('1045', 'иҙҰжҲ·и§Јй”Ғ', '501', '4', '#', '', '', '', 1, 0, 'F', '0', '0', 'monitor:logininfor:unlock',  '#', 'admin', sysdate(), '', null, '');
-- еңЁзәҝз”ЁжҲ·жҢүй’®
insert into sys_menu values('1046', 'еңЁзәҝжҹҘиҜў', '109', '1', '#', '', '', '', 1, 0, 'F', '0', '0', 'monitor:online:query',       '#', 'admin', sysdate(), '', null, '');
insert into sys_menu values('1047', 'жү№йҮҸејәйҖҖ', '109', '2', '#', '', '', '', 1, 0, 'F', '0', '0', 'monitor:online:batchLogout', '#', 'admin', sysdate(), '', null, '');
insert into sys_menu values('1048', 'еҚ•жқЎејәйҖҖ', '109', '3', '#', '', '', '', 1, 0, 'F', '0', '0', 'monitor:online:forceLogout', '#', 'admin', sysdate(), '', null, '');
-- е®ҡж—¶д»»еҠЎжҢүй’®
insert into sys_menu values('1049', 'д»»еҠЎжҹҘиҜў', '110', '1', '#', '', '', '', 1, 0, 'F', '0', '0', 'monitor:job:query',          '#', 'admin', sysdate(), '', null, '');
insert into sys_menu values('1050', 'д»»еҠЎж–°еўһ', '110', '2', '#', '', '', '', 1, 0, 'F', '0', '0', 'monitor:job:add',            '#', 'admin', sysdate(), '', null, '');
insert into sys_menu values('1051', 'д»»еҠЎдҝ®ж”№', '110', '3', '#', '', '', '', 1, 0, 'F', '0', '0', 'monitor:job:edit',           '#', 'admin', sysdate(), '', null, '');
insert into sys_menu values('1052', 'д»»еҠЎеҲ йҷӨ', '110', '4', '#', '', '', '', 1, 0, 'F', '0', '0', 'monitor:job:remove',         '#', 'admin', sysdate(), '', null, '');
insert into sys_menu values('1053', 'зҠ¶жҖҒдҝ®ж”№', '110', '5', '#', '', '', '', 1, 0, 'F', '0', '0', 'monitor:job:changeStatus',   '#', 'admin', sysdate(), '', null, '');
insert into sys_menu values('1054', 'д»»еҠЎеҜјеҮә', '110', '6', '#', '', '', '', 1, 0, 'F', '0', '0', 'monitor:job:export',         '#', 'admin', sysdate(), '', null, '');
-- д»Јз Ғз”ҹжҲҗжҢүй’®
insert into sys_menu values('1055', 'з”ҹжҲҗжҹҘиҜў', '116', '1', '#', '', '', '', 1, 0, 'F', '0', '0', 'tool:gen:query',             '#', 'admin', sysdate(), '', null, '');
insert into sys_menu values('1056', 'з”ҹжҲҗдҝ®ж”№', '116', '2', '#', '', '', '', 1, 0, 'F', '0', '0', 'tool:gen:edit',              '#', 'admin', sysdate(), '', null, '');
insert into sys_menu values('1057', 'з”ҹжҲҗеҲ йҷӨ', '116', '3', '#', '', '', '', 1, 0, 'F', '0', '0', 'tool:gen:remove',            '#', 'admin', sysdate(), '', null, '');
insert into sys_menu values('1058', 'еҜје…Ҙд»Јз Ғ', '116', '4', '#', '', '', '', 1, 0, 'F', '0', '0', 'tool:gen:import',            '#', 'admin', sysdate(), '', null, '');
insert into sys_menu values('1059', 'йў„и§Ҳд»Јз Ғ', '116', '5', '#', '', '', '', 1, 0, 'F', '0', '0', 'tool:gen:preview',           '#', 'admin', sysdate(), '', null, '');
insert into sys_menu values('1060', 'з”ҹжҲҗд»Јз Ғ', '116', '6', '#', '', '', '', 1, 0, 'F', '0', '0', 'tool:gen:code',              '#', 'admin', sysdate(), '', null, '');


-- ----------------------------
-- 6гҖҒз”ЁжҲ·е’Ңи§’иүІе…іиҒ”иЎЁ  з”ЁжҲ·N-1и§’иүІ
-- ----------------------------
drop table if exists sys_user_role;
create table sys_user_role (
  user_id   bigint(20) not null comment 'з”ЁжҲ·ID',
  role_id   bigint(20) not null comment 'и§’иүІID',
  primary key(user_id, role_id)
) engine=innodb comment = 'з”ЁжҲ·е’Ңи§’иүІе…іиҒ”иЎЁ';

-- ----------------------------
-- еҲқе§ӢеҢ–-з”ЁжҲ·е’Ңи§’иүІе…іиҒ”иЎЁж•°жҚ®
-- ----------------------------
insert into sys_user_role values ('1', '1');
insert into sys_user_role values ('2', '2');


-- ----------------------------
-- 7гҖҒи§’иүІе’ҢиҸңеҚ•е…іиҒ”иЎЁ  и§’иүІ1-NиҸңеҚ•
-- ----------------------------
drop table if exists sys_role_menu;
create table sys_role_menu (
  role_id   bigint(20) not null comment 'и§’иүІID',
  menu_id   bigint(20) not null comment 'иҸңеҚ•ID',
  primary key(role_id, menu_id)
) engine=innodb comment = 'и§’иүІе’ҢиҸңеҚ•е…іиҒ”иЎЁ';

-- ----------------------------
-- еҲқе§ӢеҢ–-и§’иүІе’ҢиҸңеҚ•е…іиҒ”иЎЁж•°жҚ®
-- ----------------------------
insert into sys_role_menu values ('2', '1');
insert into sys_role_menu values ('2', '2');
insert into sys_role_menu values ('2', '3');
insert into sys_role_menu values ('2', '100');
insert into sys_role_menu values ('2', '101');
insert into sys_role_menu values ('2', '102');
insert into sys_role_menu values ('2', '103');
insert into sys_role_menu values ('2', '104');
insert into sys_role_menu values ('2', '105');
insert into sys_role_menu values ('2', '106');
insert into sys_role_menu values ('2', '107');
insert into sys_role_menu values ('2', '108');
insert into sys_role_menu values ('2', '109');
insert into sys_role_menu values ('2', '110');
insert into sys_role_menu values ('2', '111');
insert into sys_role_menu values ('2', '112');
insert into sys_role_menu values ('2', '113');
insert into sys_role_menu values ('2', '114');
insert into sys_role_menu values ('2', '115');
insert into sys_role_menu values ('2', '116');
insert into sys_role_menu values ('2', '117');
insert into sys_role_menu values ('2', '500');
insert into sys_role_menu values ('2', '501');
insert into sys_role_menu values ('2', '1000');
insert into sys_role_menu values ('2', '1001');
insert into sys_role_menu values ('2', '1002');
insert into sys_role_menu values ('2', '1003');
insert into sys_role_menu values ('2', '1004');
insert into sys_role_menu values ('2', '1005');
insert into sys_role_menu values ('2', '1006');
insert into sys_role_menu values ('2', '1007');
insert into sys_role_menu values ('2', '1008');
insert into sys_role_menu values ('2', '1009');
insert into sys_role_menu values ('2', '1010');
insert into sys_role_menu values ('2', '1011');
insert into sys_role_menu values ('2', '1012');
insert into sys_role_menu values ('2', '1013');
insert into sys_role_menu values ('2', '1014');
insert into sys_role_menu values ('2', '1015');
insert into sys_role_menu values ('2', '1016');
insert into sys_role_menu values ('2', '1017');
insert into sys_role_menu values ('2', '1018');
insert into sys_role_menu values ('2', '1019');
insert into sys_role_menu values ('2', '1020');
insert into sys_role_menu values ('2', '1021');
insert into sys_role_menu values ('2', '1022');
insert into sys_role_menu values ('2', '1023');
insert into sys_role_menu values ('2', '1024');
insert into sys_role_menu values ('2', '1025');
insert into sys_role_menu values ('2', '1026');
insert into sys_role_menu values ('2', '1027');
insert into sys_role_menu values ('2', '1028');
insert into sys_role_menu values ('2', '1029');
insert into sys_role_menu values ('2', '1030');
insert into sys_role_menu values ('2', '1031');
insert into sys_role_menu values ('2', '1032');
insert into sys_role_menu values ('2', '1033');
insert into sys_role_menu values ('2', '1034');
insert into sys_role_menu values ('2', '1035');
insert into sys_role_menu values ('2', '1036');
insert into sys_role_menu values ('2', '1037');
insert into sys_role_menu values ('2', '1038');
insert into sys_role_menu values ('2', '1039');
insert into sys_role_menu values ('2', '1040');
insert into sys_role_menu values ('2', '1041');
insert into sys_role_menu values ('2', '1042');
insert into sys_role_menu values ('2', '1043');
insert into sys_role_menu values ('2', '1044');
insert into sys_role_menu values ('2', '1045');
insert into sys_role_menu values ('2', '1046');
insert into sys_role_menu values ('2', '1047');
insert into sys_role_menu values ('2', '1048');
insert into sys_role_menu values ('2', '1049');
insert into sys_role_menu values ('2', '1050');
insert into sys_role_menu values ('2', '1051');
insert into sys_role_menu values ('2', '1052');
insert into sys_role_menu values ('2', '1053');
insert into sys_role_menu values ('2', '1054');
insert into sys_role_menu values ('2', '1055');
insert into sys_role_menu values ('2', '1056');
insert into sys_role_menu values ('2', '1057');
insert into sys_role_menu values ('2', '1058');
insert into sys_role_menu values ('2', '1059');
insert into sys_role_menu values ('2', '1060');

-- ----------------------------
-- 8гҖҒи§’иүІе’ҢйғЁй—Ёе…іиҒ”иЎЁ  и§’иүІ1-NйғЁй—Ё
-- ----------------------------
drop table if exists sys_role_dept;
create table sys_role_dept (
  role_id   bigint(20) not null comment 'и§’иүІID',
  dept_id   bigint(20) not null comment 'йғЁй—ЁID',
  primary key(role_id, dept_id)
) engine=innodb comment = 'и§’иүІе’ҢйғЁй—Ёе…іиҒ”иЎЁ';

-- ----------------------------
-- еҲқе§ӢеҢ–-и§’иүІе’ҢйғЁй—Ёе…іиҒ”иЎЁж•°жҚ®
-- ----------------------------
insert into sys_role_dept values ('2', '100');
insert into sys_role_dept values ('2', '101');
insert into sys_role_dept values ('2', '105');


-- ----------------------------
-- 9гҖҒз”ЁжҲ·дёҺеІ—дҪҚе…іиҒ”иЎЁ  з”ЁжҲ·1-NеІ—дҪҚ
-- ----------------------------
drop table if exists sys_user_post;
create table sys_user_post
(
  user_id   bigint(20) not null comment 'з”ЁжҲ·ID',
  post_id   bigint(20) not null comment 'еІ—дҪҚID',
  primary key (user_id, post_id)
) engine=innodb comment = 'з”ЁжҲ·дёҺеІ—дҪҚе…іиҒ”иЎЁ';

-- ----------------------------
-- еҲқе§ӢеҢ–-з”ЁжҲ·дёҺеІ—дҪҚе…іиҒ”иЎЁж•°жҚ®
-- ----------------------------
insert into sys_user_post values ('1', '1');
insert into sys_user_post values ('2', '2');


-- ----------------------------
-- 10гҖҒж“ҚдҪңж—Ҙеҝ—и®°еҪ•
-- ----------------------------
drop table if exists sys_oper_log;
create table sys_oper_log (
  oper_id           bigint(20)      not null auto_increment    comment 'ж—Ҙеҝ—дё»й”®',
  title             varchar(50)     default ''                 comment 'жЁЎеқ—ж Үйўҳ',
  business_type     int(2)          default 0                  comment 'дёҡеҠЎзұ»еһӢпјҲ0е…¶е®ғ 1ж–°еўһ 2дҝ®ж”№ 3еҲ йҷӨпјү',
  method            varchar(200)    default ''                 comment 'ж–№жі•еҗҚз§°',
  request_method    varchar(10)     default ''                 comment 'иҜ·жұӮж–№ејҸ',
  operator_type     int(1)          default 0                  comment 'ж“ҚдҪңзұ»еҲ«пјҲ0е…¶е®ғ 1еҗҺеҸ°з”ЁжҲ· 2жүӢжңәз«Ҝз”ЁжҲ·пјү',
  oper_name         varchar(50)     default ''                 comment 'ж“ҚдҪңдәәе‘ҳ',
  dept_name         varchar(50)     default ''                 comment 'йғЁй—ЁеҗҚз§°',
  oper_url          varchar(255)    default ''                 comment 'иҜ·жұӮURL',
  oper_ip           varchar(128)    default ''                 comment 'дё»жңәең°еқҖ',
  oper_location     varchar(255)    default ''                 comment 'ж“ҚдҪңең°зӮ№',
  oper_param        varchar(2000)   default ''                 comment 'иҜ·жұӮеҸӮж•°',
  json_result       varchar(2000)   default ''                 comment 'иҝ”еӣһеҸӮж•°',
  status            int(1)          default 0                  comment 'ж“ҚдҪңзҠ¶жҖҒпјҲ0жӯЈеёё 1ејӮеёёпјү',
  error_msg         varchar(2000)   default ''                 comment 'й”ҷиҜҜж¶ҲжҒҜ',
  oper_time         datetime                                   comment 'ж“ҚдҪңж—¶й—ҙ',
  cost_time         bigint(20)      default 0                  comment 'ж¶ҲиҖ—ж—¶й—ҙ',
  primary key (oper_id),
  key idx_sys_oper_log_bt (business_type),
  key idx_sys_oper_log_s  (status),
  key idx_sys_oper_log_ot (oper_time)
) engine=innodb auto_increment=100 comment = 'ж“ҚдҪңж—Ҙеҝ—и®°еҪ•';


-- ----------------------------
-- 11гҖҒеӯ—е…ёзұ»еһӢиЎЁ
-- ----------------------------
drop table if exists sys_dict_type;
create table sys_dict_type
(
  dict_id          bigint(20)      not null auto_increment    comment 'еӯ—е…ёдё»й”®',
  dict_name        varchar(100)    default ''                 comment 'еӯ—е…ёеҗҚз§°',
  dict_type        varchar(100)    default ''                 comment 'еӯ—е…ёзұ»еһӢ',
  status           char(1)         default '0'                comment 'зҠ¶жҖҒпјҲ0жӯЈеёё 1еҒңз”Ёпјү',
  create_by        varchar(64)     default ''                 comment 'еҲӣе»әиҖ…',
  create_time      datetime                                   comment 'еҲӣе»әж—¶й—ҙ',
  update_by        varchar(64)     default ''                 comment 'жӣҙж–°иҖ…',
  update_time      datetime                                   comment 'жӣҙж–°ж—¶й—ҙ',
  remark           varchar(500)    default null               comment 'еӨҮжіЁ',
  primary key (dict_id),
  unique (dict_type)
) engine=innodb auto_increment=100 comment = 'еӯ—е…ёзұ»еһӢиЎЁ';

insert into sys_dict_type values(1,  'з”ЁжҲ·жҖ§еҲ«', 'sys_user_sex',        '0', 'admin', sysdate(), '', null, 'з”ЁжҲ·жҖ§еҲ«еҲ—иЎЁ');
insert into sys_dict_type values(2,  'иҸңеҚ•зҠ¶жҖҒ', 'sys_show_hide',       '0', 'admin', sysdate(), '', null, 'иҸңеҚ•зҠ¶жҖҒеҲ—иЎЁ');
insert into sys_dict_type values(3,  'зі»з»ҹејҖе…і', 'sys_normal_disable',  '0', 'admin', sysdate(), '', null, 'зі»з»ҹејҖе…іеҲ—иЎЁ');
insert into sys_dict_type values(4,  'д»»еҠЎзҠ¶жҖҒ', 'sys_job_status',      '0', 'admin', sysdate(), '', null, 'д»»еҠЎзҠ¶жҖҒеҲ—иЎЁ');
insert into sys_dict_type values(5,  'д»»еҠЎеҲҶз»„', 'sys_job_group',       '0', 'admin', sysdate(), '', null, 'д»»еҠЎеҲҶз»„еҲ—иЎЁ');
insert into sys_dict_type values(6,  'зі»з»ҹжҳҜеҗҰ', 'sys_yes_no',          '0', 'admin', sysdate(), '', null, 'зі»з»ҹжҳҜеҗҰеҲ—иЎЁ');
insert into sys_dict_type values(7,  'йҖҡзҹҘзұ»еһӢ', 'sys_notice_type',     '0', 'admin', sysdate(), '', null, 'йҖҡзҹҘзұ»еһӢеҲ—иЎЁ');
insert into sys_dict_type values(8,  'йҖҡзҹҘзҠ¶жҖҒ', 'sys_notice_status',   '0', 'admin', sysdate(), '', null, 'йҖҡзҹҘзҠ¶жҖҒеҲ—иЎЁ');
insert into sys_dict_type values(9,  'ж“ҚдҪңзұ»еһӢ', 'sys_oper_type',       '0', 'admin', sysdate(), '', null, 'ж“ҚдҪңзұ»еһӢеҲ—иЎЁ');
insert into sys_dict_type values(10, 'зі»з»ҹзҠ¶жҖҒ', 'sys_common_status',   '0', 'admin', sysdate(), '', null, 'зҷ»еҪ•зҠ¶жҖҒеҲ—иЎЁ');


-- ----------------------------
-- 12гҖҒеӯ—е…ёж•°жҚ®иЎЁ
-- ----------------------------
drop table if exists sys_dict_data;
create table sys_dict_data
(
  dict_code        bigint(20)      not null auto_increment    comment 'еӯ—е…ёзј–з Ғ',
  dict_sort        int(4)          default 0                  comment 'еӯ—е…ёжҺ’еәҸ',
  dict_label       varchar(100)    default ''                 comment 'еӯ—е…ёж Үзӯҫ',
  dict_value       varchar(100)    default ''                 comment 'еӯ—е…ёй”®еҖј',
  dict_type        varchar(100)    default ''                 comment 'еӯ—е…ёзұ»еһӢ',
  css_class        varchar(100)    default null               comment 'ж ·ејҸеұһжҖ§пјҲе…¶д»–ж ·ејҸжү©еұ•пјү',
  list_class       varchar(100)    default null               comment 'иЎЁж јеӣһжҳҫж ·ејҸ',
  is_default       char(1)         default 'N'                comment 'жҳҜеҗҰй»ҳи®ӨпјҲYжҳҜ NеҗҰпјү',
  status           char(1)         default '0'                comment 'зҠ¶жҖҒпјҲ0жӯЈеёё 1еҒңз”Ёпјү',
  create_by        varchar(64)     default ''                 comment 'еҲӣе»әиҖ…',
  create_time      datetime                                   comment 'еҲӣе»әж—¶й—ҙ',
  update_by        varchar(64)     default ''                 comment 'жӣҙж–°иҖ…',
  update_time      datetime                                   comment 'жӣҙж–°ж—¶й—ҙ',
  remark           varchar(500)    default null               comment 'еӨҮжіЁ',
  primary key (dict_code)
) engine=innodb auto_increment=100 comment = 'еӯ—е…ёж•°жҚ®иЎЁ';

insert into sys_dict_data values(1,  1,  'з”·',       '0',       'sys_user_sex',        '',   '',        'Y', '0', 'admin', sysdate(), '', null, 'жҖ§еҲ«з”·');
insert into sys_dict_data values(2,  2,  'еҘі',       '1',       'sys_user_sex',        '',   '',        'N', '0', 'admin', sysdate(), '', null, 'жҖ§еҲ«еҘі');
insert into sys_dict_data values(3,  3,  'жңӘзҹҘ',     '2',       'sys_user_sex',        '',   '',        'N', '0', 'admin', sysdate(), '', null, 'жҖ§еҲ«жңӘзҹҘ');
insert into sys_dict_data values(4,  1,  'жҳҫзӨә',     '0',       'sys_show_hide',       '',   'primary', 'Y', '0', 'admin', sysdate(), '', null, 'жҳҫзӨәиҸңеҚ•');
insert into sys_dict_data values(5,  2,  'йҡҗи—Ҹ',     '1',       'sys_show_hide',       '',   'danger',  'N', '0', 'admin', sysdate(), '', null, 'йҡҗи—ҸиҸңеҚ•');
insert into sys_dict_data values(6,  1,  'жӯЈеёё',     '0',       'sys_normal_disable',  '',   'primary', 'Y', '0', 'admin', sysdate(), '', null, 'жӯЈеёёзҠ¶жҖҒ');
insert into sys_dict_data values(7,  2,  'еҒңз”Ё',     '1',       'sys_normal_disable',  '',   'danger',  'N', '0', 'admin', sysdate(), '', null, 'еҒңз”ЁзҠ¶жҖҒ');
insert into sys_dict_data values(8,  1,  'жӯЈеёё',     '0',       'sys_job_status',      '',   'primary', 'Y', '0', 'admin', sysdate(), '', null, 'жӯЈеёёзҠ¶жҖҒ');
insert into sys_dict_data values(9,  2,  'жҡӮеҒң',     '1',       'sys_job_status',      '',   'danger',  'N', '0', 'admin', sysdate(), '', null, 'еҒңз”ЁзҠ¶жҖҒ');
insert into sys_dict_data values(10, 1,  'й»ҳи®Ө',     'DEFAULT', 'sys_job_group',       '',   '',        'Y', '0', 'admin', sysdate(), '', null, 'й»ҳи®ӨеҲҶз»„');
insert into sys_dict_data values(11, 2,  'зі»з»ҹ',     'SYSTEM',  'sys_job_group',       '',   '',        'N', '0', 'admin', sysdate(), '', null, 'зі»з»ҹеҲҶз»„');
insert into sys_dict_data values(12, 1,  'жҳҜ',       'Y',       'sys_yes_no',          '',   'primary', 'Y', '0', 'admin', sysdate(), '', null, 'зі»з»ҹй»ҳи®ӨжҳҜ');
insert into sys_dict_data values(13, 2,  'еҗҰ',       'N',       'sys_yes_no',          '',   'danger',  'N', '0', 'admin', sysdate(), '', null, 'зі»з»ҹй»ҳи®ӨеҗҰ');
insert into sys_dict_data values(14, 1,  'йҖҡзҹҘ',     '1',       'sys_notice_type',     '',   'warning', 'Y', '0', 'admin', sysdate(), '', null, 'йҖҡзҹҘ');
insert into sys_dict_data values(15, 2,  'е…¬е‘Ҡ',     '2',       'sys_notice_type',     '',   'success', 'N', '0', 'admin', sysdate(), '', null, 'е…¬е‘Ҡ');
insert into sys_dict_data values(16, 1,  'жӯЈеёё',     '0',       'sys_notice_status',   '',   'primary', 'Y', '0', 'admin', sysdate(), '', null, 'жӯЈеёёзҠ¶жҖҒ');
insert into sys_dict_data values(17, 2,  'е…ій—ӯ',     '1',       'sys_notice_status',   '',   'danger',  'N', '0', 'admin', sysdate(), '', null, 'е…ій—ӯзҠ¶жҖҒ');
insert into sys_dict_data values(18, 99, 'е…¶д»–',     '0',       'sys_oper_type',       '',   'info',    'N', '0', 'admin', sysdate(), '', null, 'е…¶д»–ж“ҚдҪң');
insert into sys_dict_data values(19, 1,  'ж–°еўһ',     '1',       'sys_oper_type',       '',   'info',    'N', '0', 'admin', sysdate(), '', null, 'ж–°еўһж“ҚдҪң');
insert into sys_dict_data values(20, 2,  'дҝ®ж”№',     '2',       'sys_oper_type',       '',   'info',    'N', '0', 'admin', sysdate(), '', null, 'дҝ®ж”№ж“ҚдҪң');
insert into sys_dict_data values(21, 3,  'еҲ йҷӨ',     '3',       'sys_oper_type',       '',   'danger',  'N', '0', 'admin', sysdate(), '', null, 'еҲ йҷӨж“ҚдҪң');
insert into sys_dict_data values(22, 4,  'жҺҲжқғ',     '4',       'sys_oper_type',       '',   'primary', 'N', '0', 'admin', sysdate(), '', null, 'жҺҲжқғж“ҚдҪң');
insert into sys_dict_data values(23, 5,  'еҜјеҮә',     '5',       'sys_oper_type',       '',   'warning', 'N', '0', 'admin', sysdate(), '', null, 'еҜјеҮәж“ҚдҪң');
insert into sys_dict_data values(24, 6,  'еҜје…Ҙ',     '6',       'sys_oper_type',       '',   'warning', 'N', '0', 'admin', sysdate(), '', null, 'еҜје…Ҙж“ҚдҪң');
insert into sys_dict_data values(25, 7,  'ејәйҖҖ',     '7',       'sys_oper_type',       '',   'danger',  'N', '0', 'admin', sysdate(), '', null, 'ејәйҖҖж“ҚдҪң');
insert into sys_dict_data values(26, 8,  'з”ҹжҲҗд»Јз Ғ', '8',       'sys_oper_type',       '',   'warning', 'N', '0', 'admin', sysdate(), '', null, 'з”ҹжҲҗж“ҚдҪң');
insert into sys_dict_data values(27, 9,  'жё…з©әж•°жҚ®', '9',       'sys_oper_type',       '',   'danger',  'N', '0', 'admin', sysdate(), '', null, 'жё…з©әж“ҚдҪң');
insert into sys_dict_data values(28, 1,  'жҲҗеҠҹ',     '0',       'sys_common_status',   '',   'primary', 'N', '0', 'admin', sysdate(), '', null, 'жӯЈеёёзҠ¶жҖҒ');
insert into sys_dict_data values(29, 2,  'еӨұиҙҘ',     '1',       'sys_common_status',   '',   'danger',  'N', '0', 'admin', sysdate(), '', null, 'еҒңз”ЁзҠ¶жҖҒ');


-- ----------------------------
-- 13гҖҒеҸӮж•°й…ҚзҪ®иЎЁ
-- ----------------------------
drop table if exists sys_config;
create table sys_config (
  config_id         int(5)          not null auto_increment    comment 'еҸӮж•°дё»й”®',
  config_name       varchar(100)    default ''                 comment 'еҸӮж•°еҗҚз§°',
  config_key        varchar(100)    default ''                 comment 'еҸӮж•°й”®еҗҚ',
  config_value      varchar(500)    default ''                 comment 'еҸӮж•°й”®еҖј',
  config_type       char(1)         default 'N'                comment 'зі»з»ҹеҶ…зҪ®пјҲYжҳҜ NеҗҰпјү',
  create_by         varchar(64)     default ''                 comment 'еҲӣе»әиҖ…',
  create_time       datetime                                   comment 'еҲӣе»әж—¶й—ҙ',
  update_by         varchar(64)     default ''                 comment 'жӣҙж–°иҖ…',
  update_time       datetime                                   comment 'жӣҙж–°ж—¶й—ҙ',
  remark            varchar(500)    default null               comment 'еӨҮжіЁ',
  primary key (config_id)
) engine=innodb auto_increment=100 comment = 'еҸӮж•°й…ҚзҪ®иЎЁ';

insert into sys_config values(1, 'дё»жЎҶжһ¶йЎө-й»ҳи®Өзҡ®иӮӨж ·ејҸеҗҚз§°',     'sys.index.skinName',               'skin-blue',     'Y', 'admin', sysdate(), '', null, 'и“қиүІ skin-blueгҖҒз»ҝиүІ skin-greenгҖҒзҙ«иүІ skin-purpleгҖҒзәўиүІ skin-redгҖҒй»„иүІ skin-yellow' );
insert into sys_config values(2, 'з”ЁжҲ·з®ЎзҗҶ-иҙҰеҸ·еҲқе§ӢеҜҶз Ғ',         'sys.user.initPassword',            '123456',        'Y', 'admin', sysdate(), '', null, 'еҲқе§ӢеҢ–еҜҶз Ғ 123456' );
insert into sys_config values(3, 'дё»жЎҶжһ¶йЎө-дҫ§иҫ№ж Ҹдё»йўҳ',           'sys.index.sideTheme',              'theme-dark',    'Y', 'admin', sysdate(), '', null, 'ж·ұиүІдё»йўҳtheme-darkпјҢжө…иүІдё»йўҳtheme-light' );
insert into sys_config values(4, 'иҙҰеҸ·иҮӘеҠ©-йӘҢиҜҒз ҒејҖе…і',           'sys.account.captchaEnabled',       'true',          'Y', 'admin', sysdate(), '', null, 'жҳҜеҗҰејҖеҗҜйӘҢиҜҒз ҒеҠҹиғҪпјҲtrueејҖеҗҜпјҢfalseе…ій—ӯпјү');
insert into sys_config values(5, 'иҙҰеҸ·иҮӘеҠ©-жҳҜеҗҰејҖеҗҜз”ЁжҲ·жіЁеҶҢеҠҹиғҪ', 'sys.account.registerUser',         'false',         'Y', 'admin', sysdate(), '', null, 'жҳҜеҗҰејҖеҗҜжіЁеҶҢз”ЁжҲ·еҠҹиғҪпјҲtrueејҖеҗҜпјҢfalseе…ій—ӯпјү');
insert into sys_config values(6, 'з”ЁжҲ·зҷ»еҪ•-й»‘еҗҚеҚ•еҲ—иЎЁ',           'sys.login.blackIPList',            '',              'Y', 'admin', sysdate(), '', null, 'и®ҫзҪ®зҷ»еҪ•IPй»‘еҗҚеҚ•йҷҗеҲ¶пјҢеӨҡдёӘеҢ№й…ҚйЎ№д»Ҙ;еҲҶйҡ”пјҢж”ҜжҢҒеҢ№й…ҚпјҲ*йҖҡй…ҚгҖҒзҪ‘ж®өпјү');
insert into sys_config values(7, 'з”ЁжҲ·з®ЎзҗҶ-еҲқе§ӢеҜҶз Ғдҝ®ж”№зӯ–з•Ҙ',     'sys.account.initPasswordModify',   '1',             'Y', 'admin', sysdate(), '', null, '0пјҡеҲқе§ӢеҜҶз Ғдҝ®ж”№зӯ–з•Ҙе…ій—ӯпјҢжІЎжңүд»»дҪ•жҸҗзӨәпјҢ1пјҡжҸҗйҶ’з”ЁжҲ·пјҢеҰӮжһңжңӘдҝ®ж”№еҲқе§ӢеҜҶз ҒпјҢеҲҷеңЁзҷ»еҪ•ж—¶е°ұдјҡжҸҗйҶ’дҝ®ж”№еҜҶз ҒеҜ№иҜқжЎҶ');
insert into sys_config values(8, 'з”ЁжҲ·з®ЎзҗҶ-иҙҰеҸ·еҜҶз Ғжӣҙж–°е‘Ёжңҹ',     'sys.account.passwordValidateDays', '0',             'Y', 'admin', sysdate(), '', null, 'еҜҶз Ғжӣҙж–°е‘ЁжңҹпјҲеЎ«еҶҷж•°еӯ—пјҢж•°жҚ®еҲқе§ӢеҢ–еҖјдёә0дёҚйҷҗеҲ¶пјҢиӢҘдҝ®ж”№еҝ…йЎ»дёәеӨ§дәҺ0е°ҸдәҺ365зҡ„жӯЈж•ҙж•°пјүпјҢеҰӮжһңи¶…иҝҮиҝҷдёӘе‘Ёжңҹзҷ»еҪ•зі»з»ҹж—¶пјҢеҲҷеңЁзҷ»еҪ•ж—¶е°ұдјҡжҸҗйҶ’дҝ®ж”№еҜҶз ҒеҜ№иҜқжЎҶ');
insert into sys_config values(9, 'з”ЁжҲ·з®ЎзҗҶ-еҜҶз Ғеӯ—з¬ҰиҢғеӣҙ',         'sys.account.chrtype',              '0',             'Y', 'admin', sysdate(), '', null, 'й»ҳи®Өд»»ж„Ҹеӯ—з¬ҰиҢғеӣҙпјҢ0д»»ж„ҸпјҲеҜҶз ҒеҸҜд»Ҙиҫ“е…Ҙд»»ж„Ҹеӯ—з¬ҰпјүпјҢ1ж•°еӯ—пјҲеҜҶз ҒеҸӘиғҪдёә0-9ж•°еӯ—пјүпјҢ2иӢұж–Үеӯ—жҜҚпјҲеҜҶз ҒеҸӘиғҪдёәa-zе’ҢA-Zеӯ—жҜҚпјүпјҢ3еӯ—жҜҚе’Ңж•°еӯ—пјҲеҜҶз Ғеҝ…йЎ»еҢ…еҗ«еӯ—жҜҚпјҢж•°еӯ—пјү,4еӯ—жҜҚж•°еӯ—е’Ңзү№ж®Ҡеӯ—з¬ҰпјҲзӣ®еүҚж”ҜжҢҒзҡ„зү№ж®Ҡеӯ—з¬ҰеҢ…жӢ¬пјҡ~!@#$%^&*()-=_+пјү');


-- ----------------------------
-- 14гҖҒзі»з»ҹи®ҝй—®и®°еҪ•
-- ----------------------------
drop table if exists sys_logininfor;
create table sys_logininfor (
  info_id        bigint(20)     not null auto_increment   comment 'и®ҝй—®ID',
  user_name      varchar(50)    default ''                comment 'з”ЁжҲ·иҙҰеҸ·',
  ipaddr         varchar(128)   default ''                comment 'зҷ»еҪ•IPең°еқҖ',
  login_location varchar(255)   default ''                comment 'зҷ»еҪ•ең°зӮ№',
  browser        varchar(50)    default ''                comment 'жөҸи§ҲеҷЁзұ»еһӢ',
  os             varchar(50)    default ''                comment 'ж“ҚдҪңзі»з»ҹ',
  status         char(1)        default '0'               comment 'зҷ»еҪ•зҠ¶жҖҒпјҲ0жҲҗеҠҹ 1еӨұиҙҘпјү',
  msg            varchar(255)   default ''                comment 'жҸҗзӨәж¶ҲжҒҜ',
  login_time     datetime                                 comment 'и®ҝй—®ж—¶й—ҙ',
  primary key (info_id),
  key idx_sys_logininfor_s  (status),
  key idx_sys_logininfor_lt (login_time)
) engine=innodb auto_increment=100 comment = 'зі»з»ҹи®ҝй—®и®°еҪ•';


-- ----------------------------
-- 15гҖҒе®ҡж—¶д»»еҠЎи°ғеәҰиЎЁ
-- ----------------------------
drop table if exists sys_job;
create table sys_job (
  job_id              bigint(20)    not null auto_increment    comment 'д»»еҠЎID',
  job_name            varchar(64)   default ''                 comment 'д»»еҠЎеҗҚз§°',
  job_group           varchar(64)   default 'DEFAULT'          comment 'д»»еҠЎз»„еҗҚ',
  invoke_target       varchar(500)  not null                   comment 'и°ғз”Ёзӣ®ж Үеӯ—з¬ҰдёІ',
  cron_expression     varchar(255)  default ''                 comment 'cronжү§иЎҢиЎЁиҫҫејҸ',
  misfire_policy      varchar(20)   default '3'                comment 'и®ЎеҲ’жү§иЎҢй”ҷиҜҜзӯ–з•ҘпјҲ1з«ӢеҚіжү§иЎҢ 2жү§иЎҢдёҖж¬Ў 3ж”ҫејғжү§иЎҢпјү',
  concurrent          char(1)       default '1'                comment 'жҳҜеҗҰе№¶еҸ‘жү§иЎҢпјҲ0е…Ғи®ё 1зҰҒжӯўпјү',
  status              char(1)       default '0'                comment 'зҠ¶жҖҒпјҲ0жӯЈеёё 1жҡӮеҒңпјү',
  create_by           varchar(64)   default ''                 comment 'еҲӣе»әиҖ…',
  create_time         datetime                                 comment 'еҲӣе»әж—¶й—ҙ',
  update_by           varchar(64)   default ''                 comment 'жӣҙж–°иҖ…',
  update_time         datetime                                 comment 'жӣҙж–°ж—¶й—ҙ',
  remark              varchar(500)  default ''                 comment 'еӨҮжіЁдҝЎжҒҜ',
  primary key (job_id, job_name, job_group)
) engine=innodb auto_increment=100 comment = 'е®ҡж—¶д»»еҠЎи°ғеәҰиЎЁ';

insert into sys_job values(1, 'зі»з»ҹй»ҳи®ӨпјҲж— еҸӮпјү', 'DEFAULT', 'ryTask.ryNoParams',        '0/10 * * * * ?', '3', '1', '1', 'admin', sysdate(), '', null, '');
insert into sys_job values(2, 'зі»з»ҹй»ҳи®ӨпјҲжңүеҸӮпјү', 'DEFAULT', 'ryTask.ryParams(\'ry\')',  '0/15 * * * * ?', '3', '1', '1', 'admin', sysdate(), '', null, '');
insert into sys_job values(3, 'зі»з»ҹй»ҳи®ӨпјҲеӨҡеҸӮпјү', 'DEFAULT', 'ryTask.ryMultipleParams(\'ry\', true, 2000L, 316.50D, 100)',  '0/20 * * * * ?', '3', '1', '1', 'admin', sysdate(), '', null, '');


-- ----------------------------
-- 16гҖҒе®ҡж—¶д»»еҠЎи°ғеәҰж—Ҙеҝ—иЎЁ
-- ----------------------------
drop table if exists sys_job_log;
create table sys_job_log (
  job_log_id          bigint(20)     not null auto_increment    comment 'д»»еҠЎж—Ҙеҝ—ID',
  job_name            varchar(64)    not null                   comment 'д»»еҠЎеҗҚз§°',
  job_group           varchar(64)    not null                   comment 'д»»еҠЎз»„еҗҚ',
  invoke_target       varchar(500)   not null                   comment 'и°ғз”Ёзӣ®ж Үеӯ—з¬ҰдёІ',
  job_message         varchar(500)                              comment 'ж—Ҙеҝ—дҝЎжҒҜ',
  status              char(1)        default '0'                comment 'жү§иЎҢзҠ¶жҖҒпјҲ0жӯЈеёё 1еӨұиҙҘпјү',
  exception_info      varchar(2000)  default ''                 comment 'ејӮеёёдҝЎжҒҜ',
  start_time          datetime                                  comment 'жү§иЎҢејҖе§Ӣж—¶й—ҙ',
  end_time            datetime                                  comment 'жү§иЎҢз»“жқҹж—¶й—ҙ',
  create_time         datetime                                  comment 'еҲӣе»әж—¶й—ҙ',
  primary key (job_log_id)
) engine=innodb comment = 'е®ҡж—¶д»»еҠЎи°ғеәҰж—Ҙеҝ—иЎЁ';


-- ----------------------------
-- 17гҖҒйҖҡзҹҘе…¬е‘ҠиЎЁ
-- ----------------------------
drop table if exists sys_notice;
create table sys_notice (
  notice_id         int(4)          not null auto_increment    comment 'е…¬е‘ҠID',
  notice_title      varchar(50)     not null                   comment 'е…¬е‘Ҡж Үйўҳ',
  notice_type       char(1)         not null                   comment 'е…¬е‘Ҡзұ»еһӢпјҲ1йҖҡзҹҘ 2е…¬е‘Ҡпјү',
  notice_content    longblob        default null               comment 'е…¬е‘ҠеҶ…е®№',
  status            char(1)         default '0'                comment 'е…¬е‘ҠзҠ¶жҖҒпјҲ0жӯЈеёё 1е…ій—ӯпјү',
  create_by         varchar(64)     default ''                 comment 'еҲӣе»әиҖ…',
  create_time       datetime                                   comment 'еҲӣе»әж—¶й—ҙ',
  update_by         varchar(64)     default ''                 comment 'жӣҙж–°иҖ…',
  update_time       datetime                                   comment 'жӣҙж–°ж—¶й—ҙ',
  remark            varchar(255)    default null               comment 'еӨҮжіЁ',
  primary key (notice_id)
) engine=innodb auto_increment=10 comment = 'йҖҡзҹҘе…¬е‘ҠиЎЁ';

-- ----------------------------
-- еҲқе§ӢеҢ–-е…¬е‘ҠдҝЎжҒҜиЎЁж•°жҚ®
-- ----------------------------
insert into sys_notice values('1', 'ж–ҮзҖӣйӨҗеҺ…з®ЎзҗҶзі»з»ҹдёҠзәҝиҜҙжҳҺ', '2', 'ж–ҮзҖӣйӨҗеҺ…з®ЎзҗҶзі»з»ҹе·Іе®ҢжҲҗеҹәзЎҖеҲқе§ӢеҢ–пјҢеҸҜз”ЁдәҺеҲҶзұ»гҖҒиҸңе“ҒгҖҒйЈҹжқҗгҖҒеә“еӯҳгҖҒе…Ҙеә“гҖҒй…Қж–№гҖҒи®ўеҚ•е’Ңз»ҸиҗҘзңӢжқҝжј”зӨәгҖӮ', '0', 'admin', sysdate(), '', null, 'з®ЎзҗҶе‘ҳ');
insert into sys_notice values('2', 'ж–ҮзҖӣйӨҗеҺ…з®ЎзҗҶзі»з»ҹз»ҙжҠӨиҜҙжҳҺ', '1', 'жј”зӨәзҺҜеўғз”ЁдәҺиҜҫзЁӢзӯ”иҫ©еҠҹиғҪйӘҢиҜҒпјҢиҜ·еӣҙз»•й…Қж–№гҖҒе…Ҙеә“гҖҒдёӢеҚ•гҖҒжүЈеә“еӯҳгҖҒйҖҖеҚ•еӣһж»ҡе’ҢзңӢжқҝз»ҹи®Ўдё»й“ҫдҪҝз”ЁгҖӮ',   '0', 'admin', sysdate(), '', null, 'з®ЎзҗҶе‘ҳ');
insert into sys_notice values('3', 'ж–ҮзҖӣйӨҗеҺ…з®ЎзҗҶзі»з»ҹиҜҙжҳҺ', '1', '<p>ж–ҮзҖӣйӨҗеҺ…з®ЎзҗҶзі»з»ҹз”ЁдәҺиҜҫзЁӢзӯ”иҫ©жј”зӨәпјҢиҰҶзӣ–иҸңе“ҒгҖҒйЈҹжқҗгҖҒеә“еӯҳгҖҒе…Ҙеә“гҖҒй…Қж–№гҖҒи®ўеҚ•е’Ңз»ҸиҗҘзңӢжқҝгҖӮ</p><p>ж ёеҝғй“ҫи·Ҝпјҡй…Қж–№ -&gt; е…Ҙеә“ -&gt; жЁЎжӢҹдёӢеҚ• -&gt; е®ҢжҲҗи®ўеҚ•жүЈеә“еӯҳ -&gt; йҖҖеҚ•еӣһж»ҡ -&gt; зңӢжқҝз»ҹи®ЎгҖӮ</p>', '0', 'admin', sysdate(), '', null, 'з®ЎзҗҶе‘ҳ');


-- ----------------------------
-- 18гҖҒе…¬е‘Ҡе·ІиҜ»и®°еҪ•иЎЁ
-- ----------------------------
drop table if exists sys_notice_read;
create table sys_notice_read (
  read_id          bigint(20)       not null auto_increment    comment 'е·ІиҜ»дё»й”®',
  notice_id        int(4)           not null                   comment 'е…¬е‘Ҡid',
  user_id          bigint(20)       not null                   comment 'з”ЁжҲ·id',
  read_time        datetime         not null                   comment 'йҳ…иҜ»ж—¶й—ҙ',
  primary key (read_id),
  unique key uk_user_notice (user_id, notice_id)   comment 'еҗҢдёҖз”ЁжҲ·еҗҢдёҖе…¬е‘ҠеҸӘи®°еҪ•дёҖж¬Ў'
) engine=innodb auto_increment=1 comment='е…¬е‘Ҡе·ІиҜ»и®°еҪ•иЎЁ';


-- ----------------------------
-- 19гҖҒд»Јз Ғз”ҹжҲҗдёҡеҠЎиЎЁ
-- ----------------------------
drop table if exists gen_table;
create table gen_table (
  table_id          bigint(20)      not null auto_increment    comment 'зј–еҸ·',
  table_name        varchar(200)    default ''                 comment 'иЎЁеҗҚз§°',
  table_comment     varchar(500)    default ''                 comment 'иЎЁжҸҸиҝ°',
  sub_table_name    varchar(64)     default null               comment 'е…іиҒ”еӯҗиЎЁзҡ„иЎЁеҗҚ',
  sub_table_fk_name varchar(64)     default null               comment 'еӯҗиЎЁе…іиҒ”зҡ„еӨ–й”®еҗҚ',
  class_name        varchar(100)    default ''                 comment 'е®һдҪ“зұ»еҗҚз§°',
  tpl_category      varchar(200)    default 'crud'             comment 'дҪҝз”Ёзҡ„жЁЎжқҝпјҲcrudеҚ•иЎЁж“ҚдҪң treeж ‘иЎЁж“ҚдҪңпјү',
  tpl_web_type      varchar(30)     default ''                 comment 'еүҚз«ҜжЁЎжқҝзұ»еһӢпјҲelement-uiжЁЎзүҲ element-plusжЁЎзүҲпјү',
  package_name      varchar(100)                               comment 'з”ҹжҲҗеҢ…и·Ҝеҫ„',
  module_name       varchar(30)                                comment 'з”ҹжҲҗжЁЎеқ—еҗҚ',
  business_name     varchar(30)                                comment 'з”ҹжҲҗдёҡеҠЎеҗҚ',
  function_name     varchar(50)                                comment 'з”ҹжҲҗеҠҹиғҪеҗҚ',
  function_author   varchar(50)                                comment 'з”ҹжҲҗеҠҹиғҪдҪңиҖ…',
  form_col_num      int(1)          default 1                  comment 'иЎЁеҚ•еёғеұҖпјҲеҚ•еҲ— еҸҢеҲ— дёүеҲ—пјү',
  gen_type          char(1)         default '0'                comment 'з”ҹжҲҗд»Јз Ғж–№ејҸпјҲ0zipеҺӢзј©еҢ… 1иҮӘе®ҡд№үи·Ҝеҫ„пјү',
  gen_path          varchar(200)    default '/'                comment 'з”ҹжҲҗи·Ҝеҫ„пјҲдёҚеЎ«й»ҳи®ӨйЎ№зӣ®и·Ҝеҫ„пјү',
  options           varchar(1000)                              comment 'е…¶е®ғз”ҹжҲҗйҖүйЎ№',
  create_by         varchar(64)     default ''                 comment 'еҲӣе»әиҖ…',
  create_time 	    datetime                                   comment 'еҲӣе»әж—¶й—ҙ',
  update_by         varchar(64)     default ''                 comment 'жӣҙж–°иҖ…',
  update_time       datetime                                   comment 'жӣҙж–°ж—¶й—ҙ',
  remark            varchar(500)    default null               comment 'еӨҮжіЁ',
  primary key (table_id)
) engine=innodb auto_increment=1 comment = 'д»Јз Ғз”ҹжҲҗдёҡеҠЎиЎЁ';


-- ----------------------------
-- 20гҖҒд»Јз Ғз”ҹжҲҗдёҡеҠЎиЎЁеӯ—ж®ө
-- ----------------------------
drop table if exists gen_table_column;
create table gen_table_column (
  column_id         bigint(20)      not null auto_increment    comment 'зј–еҸ·',
  table_id          bigint(20)                                 comment 'еҪ’еұһиЎЁзј–еҸ·',
  column_name       varchar(200)                               comment 'еҲ—еҗҚз§°',
  column_comment    varchar(500)                               comment 'еҲ—жҸҸиҝ°',
  column_type       varchar(100)                               comment 'еҲ—зұ»еһӢ',
  java_type         varchar(500)                               comment 'JAVAзұ»еһӢ',
  java_field        varchar(200)                               comment 'JAVAеӯ—ж®өеҗҚ',
  is_pk             char(1)                                    comment 'жҳҜеҗҰдё»й”®пјҲ1жҳҜпјү',
  is_increment      char(1)                                    comment 'жҳҜеҗҰиҮӘеўһпјҲ1жҳҜпјү',
  is_required       char(1)                                    comment 'жҳҜеҗҰеҝ…еЎ«пјҲ1жҳҜпјү',
  is_insert         char(1)                                    comment 'жҳҜеҗҰдёәжҸ’е…Ҙеӯ—ж®өпјҲ1жҳҜпјү',
  is_edit           char(1)                                    comment 'жҳҜеҗҰзј–иҫ‘еӯ—ж®өпјҲ1жҳҜпјү',
  is_list           char(1)                                    comment 'жҳҜеҗҰеҲ—иЎЁеӯ—ж®өпјҲ1жҳҜпјү',
  is_query          char(1)                                    comment 'жҳҜеҗҰжҹҘиҜўеӯ—ж®өпјҲ1жҳҜпјү',
  query_type        varchar(200)    default 'EQ'               comment 'жҹҘиҜўж–№ејҸпјҲзӯүдәҺгҖҒдёҚзӯүдәҺгҖҒеӨ§дәҺгҖҒе°ҸдәҺгҖҒиҢғеӣҙпјү',
  html_type         varchar(200)                               comment 'жҳҫзӨәзұ»еһӢпјҲж–Үжң¬жЎҶгҖҒж–Үжң¬еҹҹгҖҒдёӢжӢүжЎҶгҖҒеӨҚйҖүжЎҶгҖҒеҚ•йҖүжЎҶгҖҒж—ҘжңҹжҺ§д»¶пјү',
  dict_type         varchar(200)    default ''                 comment 'еӯ—е…ёзұ»еһӢ',
  sort              int                                        comment 'жҺ’еәҸ',
  create_by         varchar(64)     default ''                 comment 'еҲӣе»әиҖ…',
  create_time 	    datetime                                   comment 'еҲӣе»әж—¶й—ҙ',
  update_by         varchar(64)     default ''                 comment 'жӣҙж–°иҖ…',
  update_time       datetime                                   comment 'жӣҙж–°ж—¶й—ҙ',
  primary key (column_id)
) engine=innodb auto_increment=1 comment = 'д»Јз Ғз”ҹжҲҗдёҡеҠЎиЎЁеӯ—ж®ө';
